# Blender 5.0.0
# www.blender.org
mtllib MOON05.mtl
o Sphere
v 0.857380 -0.379450 0.322888
v 0.627004 -0.689598 0.331418
v 0.301172 -0.894760 0.289492
v 0.117590 -0.947436 0.251322
v -0.070511 -0.963703 0.203494
v -0.431460 -0.885931 0.086515
v 0.946881 -0.006364 0.302570
v 0.905188 -0.176315 0.367333
v 0.828502 -0.346048 0.420923
v 0.719977 -0.502483 0.458337
v 0.583784 -0.639607 0.478137
v 0.425156 -0.752152 0.479563
v 0.250190 -0.835792 0.462560
v 0.065609 -0.887313 0.427780
v -0.121493 -0.904735 0.376561
v -0.303926 -0.887389 0.310872
v -0.474680 -0.835941 0.233235
v -0.627191 -0.752368 0.146636
v -0.755601 -0.639882 0.054401
v -0.854972 -0.502805 -0.039924
v -0.920330 -0.352712 -0.129457
v 0.935853 0.012700 0.334948
v 0.884331 -0.140258 0.428570
v 0.798222 -0.293701 0.509825
v 0.681439 -0.435858 0.571488
v 0.538467 -0.561265 0.611188
v 0.374803 -0.665103 0.627402
v 0.196736 -0.743381 0.619504
v 0.011108 -0.793091 0.587799
v -0.174947 -0.812324 0.533506
v -0.354279 -0.800339 0.458710
v -0.519996 -0.757598 0.366286
v -0.665730 -0.685743 0.259786
v -0.785880 -0.587535 0.143303
v -0.875829 -0.466748 0.021312
v -0.931358 -0.333647 -0.097078
v 0.924739 0.037932 0.362755
v 0.863311 -0.092537 0.481162
v 0.767706 -0.224421 0.586177
v 0.642598 -0.347682 0.668665
v 0.492796 -0.457580 0.725457
v 0.324056 -0.549895 0.754371
v 0.142863 -0.621077 0.754294
v -0.043821 -0.668391 0.725230
v -0.228820 -0.690020 0.668296
v -0.405026 -0.685132 0.585679
v -0.565667 -0.653914 0.480555
v -0.704570 -0.597567 0.356964
v -0.816397 -0.518255 0.219655
v -0.896850 -0.419028 0.073905
v -0.942472 -0.308415 -0.069271
v 0.913966 0.068361 0.384924
v 0.842935 -0.034987 0.523089
v 0.738125 -0.140872 0.647045
v 0.604949 -0.241343 0.746136
v 0.448525 -0.332539 0.816553
v 0.274865 -0.410956 0.855591
v 0.090641 -0.473581 0.861749
v -0.097065 -0.518005 0.834790
v -0.281042 -0.542524 0.775750
v -0.454218 -0.546193 0.686899
v -0.609938 -0.528873 0.571651
v -0.742220 -0.491228 0.434435
v -0.845978 -0.434705 0.280523
v -0.917225 -0.361477 0.115832
v -0.953246 -0.277987 -0.047103
v 0.903947 0.102818 0.400601
v 0.823987 0.030181 0.552739
v 0.710616 -0.046262 0.690091
v 0.569937 -0.120928 0.800923
v 0.407355 -0.190946 0.880975
v 0.229119 -0.253627 0.927173
v 0.042078 -0.306560 0.937740
v -0.146580 -0.347713 0.912269
v -0.329605 -0.375503 0.851741
v -0.499963 -0.388863 0.758481
v -0.651108 -0.387280 0.636073
v -0.777232 -0.370813 0.489221
v -0.873486 -0.340096 0.323569
v -0.936174 -0.296309 0.145482
v -0.963264 -0.243530 -0.031425
v 0.956409 0.177404 0.221289
v 0.895068 0.139978 0.409184
v 0.807194 0.100463 0.568973
v 0.686237 0.055771 0.713659
v 0.538908 0.008936 0.830919
v 0.370869 -0.038243 0.916248
v 0.188578 -0.083951 0.966365
v -0.000960 -0.126434 0.979346
v -0.190461 -0.164058 0.954691
v -0.372643 -0.195377 0.893348
v -0.540504 -0.219188 0.797674
v -0.687594 -0.234576 0.671346
v -0.808260 -0.240949 0.519218
v -0.897866 -0.238063 0.347137
v -0.952966 -0.226028 0.161716
v -0.972143 -0.206369 -0.022842
v 0.887670 0.178415 0.410345
v 0.793202 0.173157 0.571167
v 0.665924 0.161307 0.716844
v 0.513055 0.143258 0.834973
v 0.340469 0.119703 0.921015
v 0.154799 0.091548 0.971662
v -0.036819 0.059875 0.984969
v -0.227023 0.025902 0.960424
v -0.408502 -0.009068 0.898971
v -0.574283 -0.043689 0.802971
v -0.717994 -0.076630 0.676113
v -0.834114 -0.106627 0.523272
v -0.918178 -0.132527 0.350322
v -0.966958 -0.153333 0.163910
v -0.979541 -0.167933 -0.021682
v 0.882038 0.216650 0.404037
v 0.782549 0.245471 0.559237
v 0.650458 0.266290 0.699524
v 0.493371 0.276876 0.812929
v 0.317323 0.276821 0.895094
v 0.129081 0.266129 0.942860
v -0.064122 0.245209 0.954393
v -0.254860 0.214866 0.929249
v -0.435805 0.176266 0.868395
v -0.600002 0.130892 0.774169
v -0.741140 0.080488 0.650191
v -0.853798 0.026990 0.501228
v -0.933644 -0.027544 0.333002
v -0.977611 -0.081020 0.151980
v -0.985174 -0.129698 -0.027990
v 0.878387 0.253214 0.390503
v 0.775644 0.314625 0.533641
v 0.640434 0.366685 0.662364
v 0.480612 0.404655 0.765634
v 0.302320 0.427074 0.839480
v 0.112411 0.433080 0.881066
v -0.081819 0.422444 0.888792
v -0.272904 0.395573 0.862363
v -0.453502 0.353500 0.802794
v -0.616672 0.297843 0.712374
v -0.756143 0.230740 0.594578
v -0.866556 0.154770 0.453932
v -0.943669 0.072852 0.295843
v -0.984516 -0.011866 0.126384
v -0.988825 -0.093134 -0.041523
v 0.876858 0.286702 0.370264
v 0.772753 0.377961 0.495363
v 0.636236 0.458635 0.606793
v 0.475269 0.521685 0.694905
v 0.296038 0.564686 0.756312
v 0.105430 0.585987 0.788654
v -0.089229 0.584769 0.790689
v -0.280460 0.561078 0.762337
v -0.460912 0.515826 0.704690
v -0.623652 0.450750 0.619962
v -0.762426 0.368353 0.511409
v -0.871899 0.271800 0.383203
v -0.947866 0.164801 0.240271
v -0.987407 0.051470 0.088105
v -0.990354 -0.059646 -0.061763
v 0.877510 0.315827 0.344097
v 0.773986 0.433045 0.445873
v 0.638026 0.538606 0.534946
v 0.477547 0.623468 0.603460
v 0.298717 0.684371 0.648784
v 0.108407 0.718974 0.669176
v -0.086069 0.725946 0.663851
v -0.277238 0.705022 0.633015
v -0.457752 0.657003 0.577853
v -0.620676 0.583737 0.500484
v -0.759747 0.488037 0.403882
v -0.869621 0.373583 0.291759
v -0.946076 0.244772 0.168424
v -0.986174 0.106555 0.038616
v -0.989702 -0.030520 -0.087929
v 0.880317 0.339470 0.313008
v 0.779296 0.477762 0.387074
v 0.645735 0.603524 0.449583
v 0.487359 0.706094 0.494814
v 0.310254 0.781528 0.521030
v 0.121226 0.826929 0.527223
v -0.072460 0.840551 0.513155
v -0.263362 0.821871 0.479367
v -0.444143 0.771608 0.427157
v -0.607856 0.691692 0.358532
v -0.748209 0.585194 0.276128
v -0.859809 0.456208 0.183113
v -0.938367 0.309690 0.083061
v -0.980864 0.151271 -0.020183
v -0.986894 -0.006877 -0.119019
v 0.885173 0.356723 0.278191
v 0.788479 0.510392 0.321226
v 0.659067 0.650895 0.353986
v 0.504328 0.766386 0.373142
v 0.330207 0.852424 0.377959
v 0.143397 0.905704 0.368251
v -0.048924 0.924179 0.344391
v -0.239365 0.907137 0.307296
v -0.420607 0.855235 0.258393
v -0.585686 0.770467 0.199559
v -0.728256 0.656090 0.133057
v -0.842841 0.516500 0.061441
v -0.925035 0.357062 -0.012536
v -0.971681 0.183901 -0.086031
v -0.982039 0.010375 -0.153835
v 0.891890 0.366922 0.240985
v 0.801182 0.529681 0.250858
v 0.677510 0.678899 0.251828
v 0.527800 0.802027 0.243120
v 0.357808 0.894334 0.225069
v 0.174065 0.952272 0.198368
v -0.016366 0.973615 0.164045
v -0.206169 0.957542 0.123417
v -0.388049 0.904672 0.078047
v -0.555017 0.817035 0.029677
v -0.700655 0.698001 -0.019833
v -0.819368 0.552142 -0.068581
v -0.906593 0.385065 -0.114694
v -0.958978 0.203190 -0.156399
v -0.975322 0.020574 -0.191041
v 0.900209 0.369675 0.202820
v 0.816918 0.534888 0.178676
v 0.700354 0.686459 0.147035
v 0.556876 0.811649 0.109744
v 0.391997 0.905648 0.068235
v 0.212054 0.964844 0.024104
v 0.023962 0.986961 -0.020953
v -0.165051 0.971149 -0.065205
v -0.347721 0.918018 -0.106951
v -0.517028 0.829607 -0.144587
v -0.666466 0.709315 -0.176667
v -0.790293 0.561764 -0.201958
v -0.883749 0.392625 -0.219487
v -0.943242 0.208397 -0.228582
v -0.967002 0.023328 -0.229207
v 0.909813 0.364877 0.165161
v 0.835081 0.525813 0.107452
v 0.726722 0.673284 0.043634
v 0.590436 0.794881 -0.021861
v 0.431460 0.885931 -0.086515
v 0.255903 0.942935 -0.147845
v 0.070511 0.963703 -0.203494
v -0.117589 0.947436 -0.251322
v -0.301172 0.894760 -0.289492
v -0.473180 0.807698 -0.316537
v -0.627004 0.689598 -0.331418
v -0.756733 0.544996 -0.333562
v -0.857380 0.379450 -0.322888
v -0.925080 0.199323 -0.299805
v -0.957399 0.018529 -0.266865
v 0.920330 0.352712 0.129457
v 0.854972 0.502805 0.039924
v 0.755601 0.639882 -0.054401
v 0.627191 0.752368 -0.146636
v 0.474680 0.835941 -0.233235
v 0.303926 0.887389 -0.310872
v 0.121493 0.904735 -0.376561
v -0.065609 0.887313 -0.427780
v -0.250190 0.835792 -0.462560
v -0.425156 0.752152 -0.479563
v -0.583784 0.639607 -0.478137
v -0.719977 0.502483 -0.458337
v -0.828502 0.346048 -0.420923
v -0.905188 0.176315 -0.367333
v -0.946881 0.006364 -0.302570
v 0.931358 0.333647 0.097079
v 0.875829 0.466748 -0.021312
v 0.785880 0.587535 -0.143303
v 0.665730 0.685743 -0.259786
v 0.519996 0.757598 -0.366286
v 0.354279 0.800339 -0.458710
v 0.174947 0.812324 -0.533506
v -0.011108 0.793091 -0.587799
v -0.196736 0.743381 -0.619504
v -0.374803 0.665102 -0.627401
v -0.538467 0.561264 -0.611188
v -0.681439 0.435858 -0.571487
v -0.798222 0.293701 -0.509825
v -0.884331 0.140258 -0.428570
v -0.935853 -0.012701 -0.334948
v 0.942472 0.308415 0.069271
v 0.896850 0.419028 -0.073905
v 0.816397 0.518255 -0.219655
v 0.704570 0.597567 -0.356964
v 0.565667 0.653914 -0.480555
v 0.405026 0.685132 -0.585679
v 0.228820 0.690020 -0.668295
v 0.043821 0.668391 -0.725229
v -0.142863 0.621076 -0.754294
v -0.324056 0.549895 -0.754370
v -0.492796 0.457580 -0.725457
v -0.642598 0.347681 -0.668665
v -0.767706 0.224421 -0.586177
v -0.863311 0.092537 -0.481162
v -0.924739 -0.037932 -0.362755
v 0.953246 0.277986 0.047103
v 0.917225 0.361477 -0.115831
v 0.845978 0.434705 -0.280523
v 0.742220 0.491228 -0.434435
v 0.609938 0.528872 -0.571651
v 0.454218 0.546193 -0.686899
v 0.281042 0.542523 -0.775750
v 0.097065 0.518005 -0.834789
v -0.090641 0.473580 -0.861748
v -0.274865 0.410956 -0.855591
v -0.448525 0.332539 -0.816553
v -0.604949 0.241343 -0.746136
v -0.738125 0.140871 -0.647045
v -0.842935 0.034987 -0.523089
v -0.913966 -0.068361 -0.384924
v -0.956409 -0.177404 -0.221289
v 0.963264 0.243530 0.031426
v 0.936174 0.296309 -0.145482
v 0.873486 0.340096 -0.323569
v 0.777231 0.370813 -0.489221
v 0.651108 0.387279 -0.636073
v 0.499963 0.388863 -0.758481
v 0.329604 0.375503 -0.851741
v 0.146579 0.347712 -0.912269
v -0.042078 0.306560 -0.937739
v -0.229119 0.253626 -0.927173
v -0.407355 0.190946 -0.880975
v -0.569937 0.120928 -0.800922
v -0.710616 0.046262 -0.690090
v -0.823987 -0.030181 -0.552739
v -0.903947 -0.102818 -0.400601
v 0.972143 0.206369 0.022842
v 0.952966 0.226028 -0.161716
v 0.897865 0.238063 -0.347137
v 0.808260 0.240949 -0.519218
v 0.687594 0.234576 -0.671345
v 0.540504 0.219188 -0.797674
v 0.372643 0.195377 -0.893348
v 0.190461 0.164058 -0.954690
v 0.000960 0.126434 -0.979346
v -0.188578 0.083951 -0.966365
v -0.370869 0.038242 -0.916247
v -0.538908 -0.008936 -0.830919
v -0.686237 -0.055771 -0.713659
v -0.807194 -0.100463 -0.568973
v -0.895068 -0.139978 -0.409184
v 0.979541 0.167933 0.021682
v 0.966958 0.153333 -0.163910
v 0.918178 0.132527 -0.350322
v 0.834113 0.106627 -0.523272
v 0.717994 0.076630 -0.676112
v 0.574283 0.043688 -0.802970
v 0.408502 0.009068 -0.898971
v 0.227023 -0.025902 -0.960424
v 0.036819 -0.059876 -0.984969
v -0.154799 -0.091548 -0.971662
v -0.340469 -0.119703 -0.921015
v -0.513055 -0.143258 -0.834973
v -0.665924 -0.161307 -0.716844
v -0.793202 -0.173157 -0.571167
v -0.887670 -0.178415 -0.410344
v 0.985174 0.129698 0.027990
v 0.977611 0.081020 -0.151979
v 0.933644 0.027544 -0.333002
v 0.853798 -0.026991 -0.501228
v 0.741140 -0.080488 -0.650191
v 0.600001 -0.130892 -0.774168
v 0.435805 -0.176266 -0.868394
v 0.254860 -0.214866 -0.929249
v 0.064122 -0.245209 -0.954393
v -0.129081 -0.266129 -0.942860
v -0.317323 -0.276821 -0.895093
v -0.493371 -0.276876 -0.812929
v -0.650458 -0.266290 -0.699524
v -0.782549 -0.245471 -0.559237
v -0.882038 -0.216650 -0.404036
v 0.988825 0.093134 0.041524
v 0.984516 0.011866 -0.126383
v 0.943668 -0.072852 -0.295842
v 0.866556 -0.154770 -0.453932
v 0.756143 -0.230740 -0.594578
v 0.616672 -0.297843 -0.712374
v 0.453502 -0.353500 -0.802794
v 0.272904 -0.395573 -0.862363
v 0.081819 -0.422444 -0.888792
v -0.112411 -0.433080 -0.881065
v -0.302320 -0.427074 -0.839480
v -0.480612 -0.404655 -0.765634
v -0.640434 -0.366685 -0.662364
v -0.775644 -0.314624 -0.533641
v -0.878386 -0.253214 -0.390503
v 0.990354 0.059646 0.061763
v 0.987407 -0.051470 -0.088105
v 0.947866 -0.164801 -0.240271
v 0.871899 -0.271800 -0.383203
v 0.762426 -0.368353 -0.511409
v 0.623652 -0.450750 -0.619962
v 0.460912 -0.515826 -0.704690
v 0.280460 -0.561078 -0.762337
v 0.089229 -0.584769 -0.790688
v -0.105430 -0.585987 -0.788654
v -0.296038 -0.564686 -0.756311
v -0.475269 -0.521685 -0.694905
v -0.636236 -0.458635 -0.606793
v -0.772753 -0.377961 -0.495363
v -0.876858 -0.286702 -0.370264
v 0.989702 0.030520 0.087930
v 0.986174 -0.106555 -0.038616
v 0.946076 -0.244772 -0.168423
v 0.869621 -0.373583 -0.291759
v 0.759747 -0.488037 -0.403882
v 0.620676 -0.583736 -0.500484
v 0.457752 -0.657003 -0.577853
v 0.277238 -0.705022 -0.633015
v 0.086069 -0.725946 -0.663851
v -0.108407 -0.718973 -0.669176
v -0.298717 -0.684371 -0.648784
v -0.477547 -0.623468 -0.603460
v -0.638026 -0.538606 -0.534945
v -0.773986 -0.433045 -0.445873
v -0.877510 -0.315827 -0.344097
v 0.986894 0.006877 0.119019
v 0.980864 -0.151271 0.020183
v 0.938367 -0.309690 -0.083061
v 0.859809 -0.456208 -0.183113
v 0.748209 -0.585194 -0.276128
v 0.607856 -0.691692 -0.358531
v 0.444143 -0.771608 -0.427157
v 0.263362 -0.821871 -0.479366
v 0.072460 -0.840551 -0.513155
v -0.121227 -0.826928 -0.527223
v -0.310254 -0.781528 -0.521030
v -0.487359 -0.706093 -0.494814
v -0.645735 -0.603524 -0.449583
v -0.779296 -0.477762 -0.387074
v -0.880317 -0.339470 -0.313008
v 0.982039 -0.010375 0.153835
v 0.971681 -0.183901 0.086031
v 0.925035 -0.357061 0.012536
v 0.842841 -0.516500 -0.061441
v 0.728256 -0.656090 -0.133057
v 0.585685 -0.770467 -0.199559
v 0.420607 -0.855235 -0.258393
v 0.239365 -0.907137 -0.307296
v 0.048924 -0.924178 -0.344391
v -0.143397 -0.905704 -0.368251
v -0.330207 -0.852424 -0.377959
v -0.504328 -0.766385 -0.373142
v -0.659067 -0.650895 -0.353986
v -0.788479 -0.510392 -0.321226
v -0.885173 -0.356723 -0.278191
v 0.975322 -0.020574 0.191041
v 0.958978 -0.203190 0.156399
v 0.906593 -0.385065 0.114694
v 0.819368 -0.552142 0.068582
v 0.700655 -0.698000 0.019834
v 0.555017 -0.817035 -0.029677
v 0.388049 -0.904672 -0.078046
v 0.206169 -0.957542 -0.123417
v 0.016366 -0.973615 -0.164045
v -0.174065 -0.952272 -0.198368
v -0.357808 -0.894334 -0.225069
v -0.527800 -0.802027 -0.243120
v -0.677510 -0.678899 -0.251828
v -0.801182 -0.529681 -0.250858
v -0.891890 -0.366922 -0.240985
v 0.967002 -0.023328 0.229207
v 0.943242 -0.208397 0.228582
v 0.883748 -0.392625 0.219487
v 0.790293 -0.561764 0.201958
v 0.666466 -0.709315 0.176667
v 0.517028 -0.829606 0.144587
v 0.347721 -0.918017 0.106952
v 0.165051 -0.971149 0.065205
v -0.023962 -0.986960 0.020953
v -0.212054 -0.964843 -0.024104
v -0.391997 -0.905648 -0.068235
v -0.556876 -0.811649 -0.109744
v -0.700354 -0.686458 -0.147035
v -0.816918 -0.534888 -0.178676
v -0.900210 -0.369675 -0.202820
v 0.957399 -0.018529 0.266865
v 0.925080 -0.199323 0.299805
v 0.756733 -0.544996 0.333562
v 0.473180 -0.807698 0.316537
v -0.255903 -0.942935 0.147845
v -0.590436 -0.794881 0.021861
v -0.726722 -0.673284 -0.043634
v -0.835081 -0.525813 -0.107452
v -0.909813 -0.364877 -0.165161
v 0.210393 -0.925551 0.271714
v 0.023653 -0.960190 0.228507
v 0.930589 -0.089306 0.335460
v 0.871036 -0.262444 0.396034
v 0.777983 -0.426317 0.441755
v 0.655032 -0.573806 0.470501
v 0.506909 -0.699244 0.481165
v 0.339306 -0.797811 0.473339
v 0.158663 -0.865718 0.447322
v -0.028077 -0.900356 0.404115
v -0.213738 -0.900394 0.345378
v -0.391185 -0.865831 0.273369
v -0.553599 -0.797994 0.190854
v -0.694739 -0.699490 0.101004
v -0.809180 -0.574106 0.007273
v -0.892380 -0.427447 -0.086330
v 0.276115 -0.869626 0.377636
v 0.092042 -0.921810 0.341193
v -0.095568 -0.938569 0.291638
v 0.843187 -0.365213 0.372817
v -0.452701 -0.864624 0.161240
v 0.605762 -0.668290 0.406142
v 0.914719 -0.061869 0.382056
v 0.845344 -0.218028 0.471466
v 0.743407 -0.366543 0.543270
v 0.612902 -0.500972 0.594197
v 0.458843 -0.616148 0.622289
v 0.287151 -0.707646 0.626467
v 0.104424 -0.771950 0.606570
v -0.082316 -0.806589 0.563363
v -0.265892 -0.810230 0.498506
v -0.439251 -0.782735 0.414492
v -0.595729 -0.725160 0.314550
v -0.729314 -0.639717 0.202519
v -0.834872 -0.529690 0.082706
v -0.908250 -0.400011 -0.039734
v -0.770637 -0.615965 0.100216
v -0.646329 -0.721928 0.204947
v 0.400151 -0.712380 0.555750
v 0.561280 -0.603813 0.546704
v -0.865330 -0.486331 -0.008366
v 0.223645 -0.793571 0.543440
v -0.925565 -0.345522 -0.111793
v 0.038544 -0.844264 0.510245
v 0.941305 0.000762 0.320154
v -0.148038 -0.862514 0.457442
v 0.894830 -0.159841 0.398891
v -0.328931 -0.847617 0.387059
v 0.813465 -0.322131 0.466738
v -0.497184 -0.800147 0.301802
v 0.700839 -0.472043 0.516648
v 0.898725 -0.025558 0.422074
v 0.819451 -0.159245 0.536250
v 0.708561 -0.287434 0.630455
v 0.570442 -0.404578 0.700432
v 0.410401 -0.506173 0.743491
v 0.234588 -0.588316 0.757979
v 0.049760 -0.647851 0.743338
v -0.136980 -0.682490 0.700131
v -0.318455 -0.690900 0.630019
v -0.487693 -0.672760 0.535695
v -0.638189 -0.628766 0.420784
v -0.764160 -0.560608 0.289703
v -0.860765 -0.470907 0.147490
v -0.924245 -0.363699 0.000284
v 0.873790 -0.117749 0.456081
v 0.930079 0.023220 0.350667
v -0.379726 -0.745999 0.525127
v -0.201961 -0.754637 0.604014
v 0.782920 -0.261024 0.549764
v -0.542897 -0.708693 0.426060
v 0.661962 -0.394268 0.622321
v -0.685206 -0.644153 0.310620
v 0.515566 -0.512360 0.670962
v -0.801182 -0.554858 0.183242
v 0.349357 -0.610763 0.693818
v -0.886370 -0.444240 0.048823
v 0.169722 -0.685694 0.690012
v -0.936791 -0.323065 -0.081280
v -0.016436 -0.734274 0.659689
v 0.883220 0.018233 0.453977
v 0.794352 -0.088354 0.587896
v 0.674783 -0.192031 0.699959
v 0.529283 -0.288328 0.785122
v 0.363443 -0.373545 0.840114
v 0.183637 -0.444407 0.862821
v -0.003227 -0.498190 0.852370
v -0.189967 -0.532828 0.809163
v -0.369407 -0.546990 0.734861
v -0.534651 -0.540132 0.632318
v -0.679348 -0.512516 0.505475
v -0.797938 -0.465205 0.359207
v -0.885864 -0.400016 0.199136
v -0.939749 -0.319908 0.032187
v 0.299146 -0.483075 0.808465
v 0.470377 -0.397444 0.774141
v -0.907168 -0.391350 0.096311
v -0.831376 -0.478074 0.252184
v 0.116418 -0.550142 0.811720
v -0.947888 -0.294846 -0.055943
v -0.070784 -0.596066 0.783781
v 0.918983 0.051439 0.376004
v -0.255265 -0.619085 0.725722
v 0.852992 -0.064859 0.503569
v -0.429937 -0.618312 0.639773
v 0.752726 -0.184240 0.618706
v -0.588086 -0.593778 0.529239
v 0.623533 -0.296540 0.710067
v -0.723636 -0.546425 0.398366
v 0.868802 0.067820 0.476538
v 0.771011 -0.008079 0.624419
v 0.643372 -0.083999 0.749111
v 0.491008 -0.156691 0.845015
v 0.319776 -0.223361 0.908445
v 0.136255 -0.281448 0.936964
v -0.052503 -0.328718 0.929476
v -0.239243 -0.363356 0.886270
v -0.416789 -0.384031 0.809004
v -0.578318 -0.389948 0.700648
v -0.717623 -0.380879 0.565367
v -0.829349 -0.357173 0.408360
v -0.909204 -0.319741 0.235659
v -0.954167 -0.270321 0.054748
v -0.477634 -0.469462 0.726592
v -0.305901 -0.461066 0.817888
v 0.724043 -0.094729 0.670914
v 0.833235 -0.003204 0.539530
v -0.631013 -0.459816 0.607374
v 0.587026 -0.182615 0.776516
v -0.760142 -0.432500 0.464814
v 0.427450 -0.263483 0.852276
v -0.860059 -0.388563 0.304392
v 0.251448 -0.334225 0.895284
v -0.926925 -0.329694 0.132273
v 0.065782 -0.392123 0.903886
v -0.958429 -0.261950 -0.036756
v -0.122411 -0.434952 0.877753
v 0.908441 0.084335 0.395191
v 0.923823 0.155955 0.333268
v 0.856025 0.121299 0.488891
v 0.750325 0.078495 0.644417
v 0.615534 0.032510 0.776023
v 0.457088 -0.014724 0.877807
v 0.281076 -0.061392 0.945857
v 0.094263 -0.105701 0.977559
v -0.096173 -0.145948 0.971694
v -0.282913 -0.180586 0.928487
v -0.458781 -0.208285 0.849598
v -0.617018 -0.227979 0.738061
v -0.751543 -0.238912 0.598160
v -0.857187 -0.240664 0.435272
v -0.929890 -0.233167 0.255656
v -0.966945 -0.216843 0.067101
v -0.944882 -0.261642 0.155326
v -0.886129 -0.289767 0.337860
v 0.019760 -0.217710 0.962969
v 0.208096 -0.169932 0.950939
v -0.968010 -0.225641 -0.024457
v -0.169335 -0.257123 0.937993
v 0.898861 0.120643 0.407491
v -0.351923 -0.286654 0.876971
v 0.815278 0.064849 0.562583
v -0.520986 -0.305169 0.782247
v 0.697974 0.004067 0.704382
v -0.670028 -0.311956 0.657462
v 0.553846 -0.056871 0.819112
v -0.793322 -0.306756 0.507411
v 0.388435 -0.115623 0.902364
v 0.845378 0.176613 0.490561
v 0.733090 0.168041 0.647119
v 0.592339 0.153019 0.779660
v 0.428825 0.132116 0.882239
v 0.248832 0.106136 0.950914
v 0.059275 0.076078 0.983046
v -0.132559 0.043096 0.977399
v -0.319299 0.008458 0.934192
v -0.493768 -0.026506 0.855085
v -0.649262 -0.060450 0.743117
v -0.779806 -0.092072 0.602592
v -0.880382 -0.120155 0.438909
v -0.947125 -0.143621 0.258359
v -0.977591 -0.161528 0.068771
v -0.703633 -0.155881 0.677578
v -0.558326 -0.131747 0.804599
v 0.525268 0.075861 0.836220
v 0.675520 0.108354 0.717824
v -0.821900 -0.174024 0.524518
v 0.354830 0.040453 0.922480
v -0.908583 -0.185480 0.351302
v 0.170757 0.003490 0.973291
v -0.960348 -0.189808 0.164584
v -0.019879 -0.033607 0.986698
v -0.976262 -0.187315 -0.019517
v -0.209751 -0.069412 0.962187
v 0.890609 0.158970 0.412431
v -0.391562 -0.102550 0.900700
v 0.799812 0.136682 0.571842
v 0.837272 0.231637 0.481483
v 0.719968 0.257118 0.632423
v 0.574679 0.272896 0.759883
v 0.407306 0.278187 0.858140
v 0.224281 0.272787 0.923420
v 0.032636 0.256905 0.953213
v -0.160262 0.231149 0.946374
v -0.347002 0.196511 0.903167
v -0.520407 0.154321 0.825252
v -0.673813 0.106201 0.715623
v -0.801325 0.053999 0.578493
v -0.898042 -0.000278 0.419132
v -0.960248 -0.054544 0.243663
v -0.985697 -0.106504 0.059693
v -0.982868 -0.148444 -0.022127
v -0.972730 -0.116954 0.159693
v -0.242107 0.120966 0.949405
v -0.051613 0.153113 0.974161
v 0.884002 0.197841 0.409821
v -0.423296 0.084170 0.888163
v 0.787430 0.209537 0.566950
v -0.588218 0.044139 0.792790
v 0.657544 0.214122 0.710722
v -0.730536 0.002413 0.666950
v 0.502389 0.210478 0.827181
v -0.844779 -0.039407 0.515480
v 0.327927 0.198746 0.911852
v -0.926558 -0.079712 0.344200
v 0.140864 0.179376 0.961481
v 0.832018 0.284257 0.462006
v 0.711462 0.342302 0.600894
v 0.563233 0.387535 0.717451
v 0.393359 0.417875 0.806437
v 0.208368 0.432156 0.864432
v 0.015370 0.429830 0.889208
v -0.178219 0.410986 0.879811
v -0.364959 0.376347 0.836604
v -0.537674 0.327246 0.761247
v -0.689726 0.265569 0.656635
v -0.815272 0.193687 0.526790
v -0.909488 0.114361 0.376700
v -0.968753 0.030640 0.212134
v -0.990951 -0.053884 0.040216
v 0.486089 0.341809 0.792344
v 0.644737 0.317308 0.683350
v -0.861079 0.091924 0.480643
v -0.749702 0.156841 0.625986
v 0.308761 0.353174 0.870888
v -0.939365 0.023474 0.316829
v 0.119567 0.350968 0.915964
v -0.981552 -0.045878 0.140839
v -0.074222 0.335273 0.925840
v -0.987574 -0.110522 -0.032186
v -0.265158 0.306695 0.900137
v 0.879296 0.235762 0.399762
v -0.445905 0.266330 0.839842
v 0.778608 0.280612 0.548096
v -0.609515 0.215731 0.747273
v 0.829818 0.332451 0.432880
v 0.707900 0.420320 0.553742
v 0.558439 0.492530 0.653996
v 0.387518 0.545812 0.729116
v 0.201704 0.578118 0.776218
v 0.008139 0.588208 0.793489
v -0.185738 0.575693 0.780267
v -0.372478 0.541055 0.737060
v -0.544904 0.485625 0.665528
v -0.696390 0.411532 0.568421
v -0.821113 0.321624 0.449469
v -0.914282 0.219356 0.313245
v -0.972315 0.108659 0.164982
v -0.993152 -0.005690 0.011090
v -0.278020 0.480638 0.816278
v -0.086836 0.505874 0.843593
v 0.876670 0.271278 0.382639
v -0.990201 -0.075007 -0.049308
v -0.458519 0.436931 0.757594
v 0.773687 0.347178 0.516005
v -0.621398 0.376433 0.669797
v 0.637592 0.413945 0.636761
v -0.760397 0.301469 0.556259
v 0.476995 0.464805 0.733046
v -0.870174 0.214920 0.421345
v 0.298067 0.497803 0.801161
v -0.946511 0.120111 0.270239
v 0.107685 0.511670 0.838488
v -0.986474 0.020687 0.108747
v 0.830756 0.374366 0.395222
v 0.709419 0.488175 0.492780
v 0.560483 0.583846 0.571955
v 0.390008 0.657081 0.629149
v 0.204546 0.705065 0.662166
v 0.011223 0.725953 0.669736
v -0.182532 0.718943 0.651568
v -0.369272 0.684305 0.608361
v -0.541821 0.623369 0.541775
v -0.693548 0.538478 0.454369
v -0.818623 0.432893 0.349502
v -0.912238 0.310672 0.231204
v -0.970796 0.176513 0.104020
v -0.992213 0.036224 -0.026567
v -0.871713 0.324856 0.339866
v -0.762207 0.430740 0.460450
v 0.296256 0.627073 0.705352
v 0.475455 0.574741 0.651568
v -0.947720 0.206487 0.206221
v 0.105673 0.655308 0.732031
v -0.987307 0.080184 0.064651
v -0.088972 0.658359 0.730578
v -0.990645 -0.043263 -0.072835
v -0.280197 0.636111 0.701049
v 0.876225 0.303022 0.359112
v -0.460655 0.589416 0.644580
v 0.772853 0.406674 0.471909
v -0.623410 0.520071 0.563340
v 0.636382 0.500321 0.572743
v 0.834796 0.408391 0.350482
v 0.715960 0.543257 0.420351
v 0.569286 0.657975 0.474482
v 0.400735 0.747407 0.510378
v 0.216783 0.808117 0.526661
v 0.024501 0.837771 0.522704
v -0.168723 0.835230 0.498660
v -0.355463 0.800592 0.455453
v -0.528542 0.735187 0.394744
v -0.681311 0.641530 0.318864
v -0.807896 0.523219 0.230731
v -0.903435 0.384801 0.133730
v -0.964255 0.231595 0.031591
v -0.988173 0.070250 -0.071308
v 0.877979 0.329774 0.330085
v -0.988891 -0.016510 -0.101863
v -0.452229 0.717926 0.505142
v -0.271607 0.767138 0.558880
v 0.776141 0.456816 0.417503
v -0.615473 0.641124 0.431992
v 0.641155 0.573116 0.493758
v -0.755064 0.539685 0.342241
v 0.481529 0.667391 0.551039
v -0.865639 0.417506 0.239337
v 0.303399 0.736018 0.587143
v -0.942948 0.279282 0.127236
v 0.113609 0.776361 0.600684
v -0.984019 0.130326 0.010246
v -0.080546 0.786869 0.591141
v 0.841784 0.433220 0.300377
v 0.727272 0.583451 0.339238
v 0.584510 0.712067 0.365322
v 0.419285 0.813318 0.377366
v 0.237947 0.883314 0.374909
v 0.047465 0.919365 0.358044
v -0.144841 0.920085 0.327419
v -0.331581 0.885447 0.284212
v -0.505579 0.816781 0.230083
v -0.660147 0.716727 0.167112
v -0.789347 0.589130 0.097719
v -0.888211 0.438893 0.024571
v -0.952943 0.271789 -0.049522
v -0.981185 0.095078 -0.121413
v 0.319220 0.820451 0.451076
v 0.494984 0.739195 0.435323
v -0.932376 0.335698 0.036319
v -0.852184 0.489310 0.123622
v 0.131189 0.870178 0.449494
v -0.976738 0.169186 -0.052379
v -0.061884 0.886464 0.430638
v -0.985006 0.004224 -0.135276
v -0.252579 0.868684 0.395233
v 0.881864 0.350508 0.296672
v -0.433567 0.817521 0.344640
v 0.783422 0.495676 0.354878
v -0.597893 0.734941 0.280802
v 0.651726 0.629532 0.402841
v -0.739243 0.624118 0.206174
v 0.851450 0.447897 0.246833
v 0.742920 0.607211 0.252558
v 0.605569 0.744043 0.248670
v 0.444945 0.852281 0.235226
v 0.267222 0.927767 0.212742
v 0.079231 0.967599 0.182083
v -0.111806 0.970247 0.144426
v -0.298546 0.935609 0.101219
v -0.473813 0.865016 0.054122
v -0.630871 0.761180 0.004946
v -0.763686 0.628093 -0.044421
v -0.867153 0.470869 -0.092081
v -0.937295 0.295550 -0.136202
v -0.971519 0.109756 -0.174957
v -0.405385 0.884375 0.169241
v -0.223844 0.936847 0.216398
v 0.794419 0.521761 0.286441
v 0.887731 0.364425 0.260157
v -0.571346 0.797916 0.115580
v 0.667690 0.667401 0.303485
v -0.715351 0.680793 0.057477
v 0.515302 0.787394 0.308867
v -0.831866 0.537509 -0.002834
v 0.343112 0.877127 0.302380
v -0.916412 0.373568 -0.063037
v 0.157736 0.933153 0.284272
v -0.965742 0.195271 -0.120817
v -0.033702 0.953318 0.255239
v -0.979139 0.018141 -0.171790
v 0.863424 0.451859 0.191908
v 0.762304 0.613626 0.163643
v 0.631654 0.752675 0.129010
v 0.476730 0.862800 0.089419
v 0.303486 0.939768 0.046393
v 0.118579 0.980620 0.001583
v -0.070885 0.983788 -0.043288
v -0.257625 0.949150 -0.086495
v -0.434465 0.878037 -0.126377
v -0.594608 0.773181 -0.161404
v -0.731901 0.638612 -0.190228
v -0.841067 0.479502 -0.211741
v -0.917912 0.301964 -0.225118
v -0.959546 0.113718 -0.229882
v -0.895669 0.391435 -0.167012
v -0.805465 0.560250 -0.135170
v 0.192231 0.962865 0.111366
v 0.374156 0.903868 0.146769
v -0.951453 0.207578 -0.192436
v 0.002918 0.984861 0.071684
v -0.971516 0.024708 -0.210002
v -0.186507 0.969008 0.029247
v 0.895355 0.370992 0.221945
v -0.368765 0.915917 -0.014314
v 0.808707 0.534069 0.214821
v -0.536852 0.827629 -0.057325
v 0.688433 0.685269 0.199510
v -0.684307 0.707534 -0.098133
v 0.541703 0.810135 0.176531
v 0.877244 0.444954 0.137713
v 0.784677 0.602447 0.075908
v 0.661763 0.737632 0.010939
v 0.513418 0.844469 -0.054450
v 0.345343 0.918854 -0.117747
v 0.163996 0.957928 -0.176519
v -0.023653 0.960189 -0.228507
v -0.210393 0.925551 -0.271714
v -0.389048 0.855345 -0.304479
v -0.552751 0.752267 -0.325543
v -0.695213 0.620281 -0.334097
v -0.810958 0.464458 -0.329812
v -0.895539 0.290786 -0.312852
v -0.945725 0.106813 -0.284077
v -0.495735 0.822937 -0.231269
v -0.325116 0.910937 -0.198972
v 0.713158 0.682448 0.094909
v 0.825738 0.532126 0.142771
v -0.647303 0.703312 -0.254679
v 0.573173 0.806545 0.043400
v -0.773996 0.556659 -0.268301
v 0.411160 0.899646 -0.009776
v -0.870944 0.388614 -0.271613
v 0.233347 0.958174 -0.062577
v -0.934422 0.205635 -0.264486
v 0.046567 0.979881 -0.112974
v -0.962429 0.023671 -0.248444
v -0.142003 0.963930 -0.159029
v 0.904441 0.369955 0.183504
v 0.892380 0.427447 0.086330
v 0.809180 0.574106 -0.007273
v 0.694739 0.699490 -0.101004
v 0.553599 0.797994 -0.190854
v 0.391185 0.865831 -0.273369
v 0.213738 0.900394 -0.345378
v 0.028077 0.900356 -0.404115
v -0.158663 0.865718 -0.447322
v -0.339306 0.797811 -0.473339
v -0.506909 0.699244 -0.481165
v -0.655032 0.573806 -0.470501
v -0.777982 0.426316 -0.441755
v -0.871036 0.262444 -0.396033
v -0.930589 0.089306 -0.335460
v -0.915303 0.189516 -0.334197
v -0.843187 0.365213 -0.372817
v 0.095568 0.938569 -0.291638
v 0.279505 0.919260 -0.230875
v -0.952228 0.015071 -0.285638
v -0.092042 0.921810 -0.341193
v 0.914642 0.361355 0.146310
v -0.276115 0.869626 -0.377636
v 0.844857 0.516007 0.073060
v -0.449577 0.784023 -0.399567
v 0.740915 0.659047 -0.006295
v -0.605762 0.668290 -0.406142
v 0.608500 0.776761 -0.085409
v -0.738668 0.526875 -0.397110
v 0.452701 0.864624 -0.161240
v 0.908250 0.400010 0.039734
v 0.834872 0.529690 -0.082706
v 0.729314 0.639717 -0.202519
v 0.595729 0.725159 -0.314550
v 0.439251 0.782735 -0.414492
v 0.265892 0.810230 -0.498506
v 0.082316 0.806588 -0.563363
v -0.104424 0.771950 -0.606570
v -0.287151 0.707646 -0.626467
v -0.458843 0.616148 -0.622289
v -0.612902 0.500971 -0.594197
v -0.743407 0.366543 -0.543270
v -0.845344 0.218028 -0.471466
v -0.914719 0.061869 -0.382056
v 0.770637 0.615965 -0.100216
v 0.865330 0.486331 0.008366
v -0.561280 0.603813 -0.546704
v -0.400151 0.712380 -0.555750
v 0.646329 0.721928 -0.204947
v -0.700839 0.472042 -0.516648
v 0.497184 0.800147 -0.301802
v -0.813465 0.322131 -0.466738
v 0.328931 0.847617 -0.387059
v -0.894830 0.159841 -0.398891
v 0.148038 0.862513 -0.457441
v -0.941305 -0.000762 -0.320154
v -0.038544 0.844264 -0.510245
v 0.925565 0.345522 0.111793
v -0.223645 0.793570 -0.543440
v 0.924245 0.363699 -0.000284
v 0.860765 0.470907 -0.147489
v 0.764160 0.560608 -0.289703
v 0.638189 0.628765 -0.420784
v 0.487693 0.672759 -0.535694
v 0.318455 0.690900 -0.630018
v 0.136980 0.682489 -0.700131
v -0.049760 0.647851 -0.743338
v -0.234588 0.588316 -0.757979
v -0.410401 0.506173 -0.743491
v -0.570442 0.404577 -0.700431
v -0.708561 0.287434 -0.630454
v -0.819451 0.159245 -0.536250
v -0.898724 0.025558 -0.422074
v 0.201961 0.754637 -0.604014
v 0.379726 0.745999 -0.525127
v -0.930079 -0.023220 -0.350667
v -0.873790 0.117749 -0.456080
v 0.016436 0.734274 -0.659688
v 0.936791 0.323064 0.081280
v -0.169722 0.685694 -0.690012
v 0.886370 0.444240 -0.048823
v -0.349357 0.610762 -0.693818
v 0.801182 0.554858 -0.183242
v -0.515566 0.512360 -0.670962
v 0.685206 0.644153 -0.310620
v -0.661962 0.394268 -0.622321
v 0.542897 0.708693 -0.426060
v -0.782920 0.261024 -0.549764
v 0.939749 0.319908 -0.032187
v 0.885864 0.400016 -0.199135
v 0.797938 0.465205 -0.359207
v 0.679348 0.512516 -0.505475
v 0.534651 0.540131 -0.632317
v 0.369407 0.546990 -0.734860
v 0.189967 0.532828 -0.809163
v 0.003227 0.498190 -0.852370
v -0.183637 0.444407 -0.862821
v -0.363443 0.373545 -0.840114
v -0.529283 0.288328 -0.785122
v -0.674783 0.192031 -0.699958
v -0.794352 0.088354 -0.587896
v -0.883220 -0.018233 -0.453977
v -0.935000 -0.113599 -0.318920
v -0.470377 0.397444 -0.774141
v -0.299146 0.483075 -0.808465
v 0.723636 0.546425 -0.398366
v 0.831376 0.478073 -0.252184
v -0.623533 0.296540 -0.710067
v 0.588086 0.593778 -0.529239
v -0.752726 0.184240 -0.618706
v 0.429937 0.618312 -0.639773
v -0.852992 0.064859 -0.503569
v 0.255265 0.619084 -0.725721
v -0.918983 -0.051439 -0.376004
v 0.070784 0.596066 -0.783781
v 0.947888 0.294845 0.055943
v -0.116418 0.550141 -0.811720
v 0.907168 0.391350 -0.096311
v 0.954167 0.270321 -0.054748
v 0.909204 0.319741 -0.235659
v 0.829349 0.357173 -0.408360
v 0.717623 0.380879 -0.565367
v 0.578318 0.389948 -0.700648
v 0.416789 0.384031 -0.809004
v 0.239243 0.363356 -0.886269
v 0.052503 0.328718 -0.929476
v -0.136254 0.281447 -0.936964
v -0.319776 0.223361 -0.908445
v -0.491009 0.156691 -0.845014
v -0.643372 0.083999 -0.749111
v -0.771011 0.008079 -0.624419
v -0.868802 -0.067820 -0.476538
v -0.908442 -0.084335 -0.395191
v -0.833235 0.003203 -0.539530
v 0.122411 0.434952 -0.877752
v 0.305901 0.461066 -0.817888
v 0.958429 0.261950 0.036756
v -0.065782 0.392123 -0.903886
v 0.926925 0.329694 -0.132273
v -0.251448 0.334225 -0.895283
v 0.860059 0.388563 -0.304392
v -0.427450 0.263482 -0.852276
v 0.760142 0.432500 -0.464814
v -0.587026 0.182615 -0.776515
v 0.631013 0.459816 -0.607373
v -0.724043 0.094729 -0.670914
v 0.477634 0.469462 -0.726592
v 0.966945 0.216843 -0.067101
v 0.929890 0.233167 -0.255656
v 0.857187 0.240664 -0.435272
v 0.751543 0.238912 -0.598159
v 0.617018 0.227979 -0.738060
v 0.458781 0.208285 -0.849598
v 0.282913 0.180586 -0.928486
v 0.096173 0.145948 -0.971693
v -0.094263 0.105701 -0.977559
v -0.281076 0.061392 -0.945857
v -0.457088 0.014724 -0.877807
v -0.615534 -0.032510 -0.776023
v -0.750325 -0.078495 -0.644416
v -0.856024 -0.121299 -0.488891
v 0.793322 0.306756 -0.507411
v 0.886129 0.289766 -0.337860
v -0.553846 0.056871 -0.819112
v -0.388435 0.115623 -0.902364
v 0.670028 0.311956 -0.657462
v -0.697974 -0.004067 -0.704382
v 0.520986 0.305169 -0.782247
v -0.815278 -0.064849 -0.562583
v 0.351923 0.286653 -0.876971
v -0.898861 -0.120643 -0.407491
v 0.169335 0.257122 -0.937993
v 0.968010 0.225641 0.024457
v -0.019760 0.217710 -0.962969
v 0.944882 0.261642 -0.155326
v -0.208096 0.169932 -0.950938
v 0.977591 0.161528 -0.068771
v 0.947125 0.143621 -0.258359
v 0.880382 0.120155 -0.438909
v 0.779806 0.092072 -0.602591
v 0.649262 0.060450 -0.743117
v 0.493768 0.026506 -0.855085
v 0.319299 -0.008458 -0.934192
v 0.132559 -0.043096 -0.977399
v -0.059275 -0.076078 -0.983045
v -0.248832 -0.106136 -0.950914
v -0.428825 -0.132116 -0.882239
v -0.592339 -0.153019 -0.779660
v -0.733090 -0.168041 -0.647119
v -0.845378 -0.176613 -0.490560
v 0.209751 0.069412 -0.962187
v 0.391562 0.102550 -0.900700
v 0.976262 0.187315 0.019517
v -0.890609 -0.158970 -0.412431
v 0.019879 0.033607 -0.986698
v 0.960348 0.189808 -0.164584
v -0.170757 -0.003490 -0.973291
v 0.908583 0.185480 -0.351301
v -0.354830 -0.040453 -0.922480
v 0.821900 0.174024 -0.524518
v -0.525268 -0.075861 -0.836220
v 0.703633 0.155881 -0.677578
v -0.675520 -0.108354 -0.717823
v 0.558326 0.131747 -0.804599
v -0.799812 -0.136682 -0.571842
v 0.985697 0.106504 -0.059693
v 0.960248 0.054544 -0.243663
v 0.898042 0.000278 -0.419131
v 0.801325 -0.053999 -0.578493
v 0.673813 -0.106201 -0.715623
v 0.520407 -0.154321 -0.825252
v 0.347002 -0.196511 -0.903167
v 0.160262 -0.231150 -0.946374
v -0.032637 -0.256905 -0.953212
v -0.224281 -0.272787 -0.923420
v -0.407307 -0.278187 -0.858140
v -0.574679 -0.272896 -0.759883
v -0.719968 -0.257118 -0.632423
v -0.837272 -0.231637 -0.481483
v -0.502389 -0.210478 -0.827181
v -0.327928 -0.198746 -0.911852
v 0.730536 -0.002413 -0.666950
v 0.844779 0.039407 -0.515480
v -0.657544 -0.214122 -0.710722
v 0.588218 -0.044139 -0.792790
v -0.787430 -0.209537 -0.566950
v 0.423296 -0.084170 -0.888163
v -0.884002 -0.197841 -0.409821
v 0.242106 -0.120966 -0.949404
v 0.982868 0.148444 0.022127
v 0.051613 -0.153113 -0.974161
v 0.972730 0.116954 -0.159693
v -0.140864 -0.179376 -0.961481
v 0.926558 0.079712 -0.344200
v 0.990951 0.053884 -0.040216
v 0.968753 -0.030640 -0.212133
v 0.909488 -0.114361 -0.376700
v 0.815272 -0.193687 -0.526790
v 0.689726 -0.265569 -0.656635
v 0.537673 -0.327246 -0.761247
v 0.364959 -0.376347 -0.836604
v 0.178219 -0.410986 -0.879810
v -0.015370 -0.429830 -0.889207
v -0.208368 -0.432156 -0.864432
v -0.393359 -0.417875 -0.806437
v -0.563233 -0.387535 -0.717451
v -0.711462 -0.342302 -0.600893
v -0.832018 -0.284257 -0.462006
v -0.879296 -0.235762 -0.399761
v 0.074222 -0.335274 -0.925840
v 0.265158 -0.306695 -0.900137
v 0.981552 0.045878 -0.140839
v 0.987574 0.110522 0.032186
v -0.119567 -0.350968 -0.915964
v 0.939365 -0.023474 -0.316828
v -0.308761 -0.353174 -0.870888
v 0.861079 -0.091923 -0.480642
v -0.486089 -0.341809 -0.792344
v 0.749702 -0.156841 -0.625985
v -0.644737 -0.317307 -0.683350
v 0.609515 -0.215731 -0.747272
v -0.778609 -0.280612 -0.548096
v 0.445904 -0.266330 -0.839842
v 0.993152 0.005690 -0.011090
v 0.972315 -0.108658 -0.164982
v 0.914282 -0.219356 -0.313244
v 0.821113 -0.321624 -0.449469
v 0.696390 -0.411531 -0.568421
v 0.544904 -0.485624 -0.665528
v 0.372478 -0.541055 -0.737060
v 0.185738 -0.575693 -0.780267
v -0.008139 -0.588208 -0.793489
v -0.201704 -0.578118 -0.776217
v -0.387518 -0.545812 -0.729116
v -0.558439 -0.492530 -0.653995
v -0.707900 -0.420320 -0.553742
v -0.829818 -0.332451 -0.432880
v -0.637592 -0.413945 -0.636760
v -0.476995 -0.464805 -0.733046
v 0.621398 -0.376433 -0.669797
v 0.760396 -0.301469 -0.556259
v -0.773687 -0.347178 -0.516005
v 0.458519 -0.436931 -0.757594
v -0.876670 -0.271278 -0.382639
v 0.278019 -0.480638 -0.816277
v 0.990200 0.075007 0.049308
v 0.086836 -0.505874 -0.843592
v 0.986474 -0.020687 -0.108747
v -0.107685 -0.511670 -0.838488
v 0.946510 -0.120111 -0.270239
v -0.298067 -0.497803 -0.801161
v 0.870174 -0.214920 -0.421345
v 0.992213 -0.036224 0.026567
v 0.970796 -0.176513 -0.104020
v 0.912238 -0.310672 -0.231203
v 0.818622 -0.432893 -0.349502
v 0.693548 -0.538478 -0.454369
v 0.541821 -0.623369 -0.541775
v 0.369272 -0.684305 -0.608361
v 0.182532 -0.718943 -0.651568
v -0.011223 -0.725953 -0.669736
v -0.204546 -0.705064 -0.662166
v -0.390009 -0.657081 -0.629149
v -0.560483 -0.583846 -0.571955
v -0.709419 -0.488174 -0.492780
v -0.830756 -0.374366 -0.395222
v 0.987307 -0.080184 -0.064651
v 0.990645 0.043263 0.072835
v -0.105673 -0.655308 -0.732031
v 0.088972 -0.658359 -0.730578
v 0.947720 -0.206487 -0.206221
v -0.296256 -0.627073 -0.705352
v 0.871713 -0.324855 -0.339866
v -0.475455 -0.574741 -0.651567
v 0.762207 -0.430740 -0.460450
v -0.636382 -0.500321 -0.572743
v 0.623410 -0.520071 -0.563339
v -0.772853 -0.406674 -0.471909
v 0.460655 -0.589416 -0.644580
v -0.876225 -0.303022 -0.359112
v 0.280197 -0.636110 -0.701049
v 0.988173 -0.070250 0.071308
v 0.964255 -0.231595 -0.031591
v 0.903435 -0.384801 -0.133730
v 0.807896 -0.523219 -0.230731
v 0.681310 -0.641530 -0.318864
v 0.528542 -0.735187 -0.394743
v 0.355463 -0.800591 -0.455453
v 0.168723 -0.835230 -0.498660
v -0.024501 -0.837771 -0.522704
v -0.216783 -0.808116 -0.526660
v -0.400735 -0.747407 -0.510378
v -0.569286 -0.657975 -0.474481
v -0.715960 -0.543257 -0.420351
v -0.834796 -0.408391 -0.350482
v 0.615473 -0.641124 -0.431992
v 0.755064 -0.539685 -0.342241
v -0.776141 -0.456816 -0.417503
v -0.641155 -0.573116 -0.493758
v 0.452229 -0.717926 -0.505142
v -0.877979 -0.329774 -0.330084
v 0.271607 -0.767137 -0.558880
v 0.988891 0.016510 0.101863
v 0.080546 -0.786869 -0.591140
v 0.984019 -0.130325 -0.010245
v -0.113609 -0.776361 -0.600684
v 0.942948 -0.279282 -0.127236
v -0.303399 -0.736018 -0.587143
v 0.865639 -0.417506 -0.239337
v -0.481529 -0.667391 -0.551039
v 0.981185 -0.095078 0.121413
v 0.952943 -0.271789 0.049522
v 0.888211 -0.438893 -0.024571
v 0.789346 -0.589130 -0.097719
v 0.660147 -0.716727 -0.167112
v 0.505579 -0.816781 -0.230083
v 0.331581 -0.885446 -0.284212
v 0.144841 -0.920084 -0.327419
v -0.047465 -0.919365 -0.358044
v -0.237947 -0.883314 -0.374909
v -0.419285 -0.813318 -0.377366
v -0.584510 -0.712066 -0.365322
v -0.727272 -0.583451 -0.339238
v -0.841784 -0.433219 -0.300377
v -0.131189 -0.870178 -0.449494
v 0.061884 -0.886464 -0.430638
v 0.932376 -0.335698 -0.036319
v 0.976738 -0.169185 0.052380
v -0.319220 -0.820451 -0.451075
v 0.852184 -0.489310 -0.123622
v -0.494984 -0.739195 -0.435323
v 0.739243 -0.624117 -0.206173
v -0.651726 -0.629532 -0.402841
v 0.597893 -0.734941 -0.280802
v -0.783422 -0.495676 -0.354878
v 0.433567 -0.817521 -0.344640
v -0.881864 -0.350508 -0.296671
v 0.252579 -0.868684 -0.395233
v 0.985006 -0.004224 0.135276
v 0.971519 -0.109756 0.174957
v 0.937295 -0.295550 0.136202
v 0.867153 -0.470869 0.092081
v 0.763686 -0.628093 0.044421
v 0.630871 -0.761180 -0.004945
v 0.473813 -0.865015 -0.054122
v 0.298546 -0.935608 -0.101219
v 0.111806 -0.970247 -0.144426
v -0.079231 -0.967599 -0.182083
v -0.267223 -0.927767 -0.212742
v -0.444945 -0.852281 -0.235226
v -0.605569 -0.744043 -0.248670
v -0.742921 -0.607211 -0.252558
v -0.851450 -0.447897 -0.246833
v -0.794419 -0.521761 -0.286441
v -0.667690 -0.667401 -0.303485
v 0.405384 -0.884374 -0.169241
v 0.571346 -0.797916 -0.115580
v -0.887731 -0.364425 -0.260157
v 0.223844 -0.936847 -0.216398
v 0.979139 -0.018141 0.171790
v 0.033702 -0.953317 -0.255239
v 0.965741 -0.195271 0.120817
v -0.157736 -0.933152 -0.284271
v 0.916412 -0.373567 0.063037
v -0.343112 -0.877127 -0.302379
v 0.831866 -0.537508 0.002834
v -0.515302 -0.787394 -0.308867
v 0.715351 -0.680793 -0.057477
v 0.959546 -0.113718 0.229882
v 0.917912 -0.301964 0.225118
v 0.841067 -0.479501 0.211741
v 0.731901 -0.638612 0.190228
v 0.594608 -0.773181 0.161404
v 0.434465 -0.878037 0.126378
v 0.257625 -0.949150 0.086495
v 0.070885 -0.983788 0.043288
v -0.118579 -0.980620 -0.001583
v -0.303486 -0.939767 -0.046393
v -0.476730 -0.862800 -0.089419
v -0.631654 -0.752675 -0.129010
v -0.762304 -0.613626 -0.163643
v -0.863424 -0.451859 -0.191908
v 0.895669 -0.391435 0.167012
v 0.951453 -0.207578 0.192437
v -0.374156 -0.903867 -0.146769
v -0.192231 -0.962865 -0.111366
v 0.805465 -0.560250 0.135170
v -0.541703 -0.810135 -0.176531
v 0.684307 -0.707534 0.098133
v -0.688433 -0.685269 -0.199509
v 0.536852 -0.827628 0.057325
v -0.808707 -0.534069 -0.214821
v 0.368765 -0.915917 0.014315
v -0.895355 -0.370992 -0.221945
v 0.186507 -0.969008 -0.029246
v 0.971516 -0.024708 0.210002
v -0.002918 -0.984860 -0.071684
v 0.945726 -0.106813 0.284077
v -0.661763 -0.737631 -0.010939
v -0.784677 -0.602447 -0.075908
v -0.877244 -0.444954 -0.137713
v 0.495735 -0.822937 0.231269
v -0.904441 -0.369955 -0.183504
v -0.825738 -0.532125 -0.142771
v 0.962429 -0.023671 0.248444
v 0.934422 -0.205635 0.264486
v -0.233347 -0.958174 0.062578
v 0.773996 -0.556659 0.268301
v -0.573173 -0.806544 -0.043400
v -0.713158 -0.682448 -0.094909
v 0.960687 0.062210 0.249098
v 0.895539 -0.290786 0.312852
v 0.810958 -0.464458 0.329812
v 0.695213 -0.620281 0.334097
v 0.552751 -0.752267 0.325543
v 0.389048 -0.855344 0.304479
v -0.163996 -0.957928 0.176519
v -0.345343 -0.918854 0.117747
v -0.513418 -0.844469 0.054450
v -0.932544 -0.288964 -0.188948
v 0.954467 0.069405 0.270214
v -0.938764 -0.281769 -0.167832
v -0.844857 -0.516007 -0.073060
v -0.740915 -0.659047 0.006296
v 0.449577 -0.784023 0.399567
v -0.914642 -0.361355 -0.146310
v 0.952228 -0.015071 0.285638
v 0.915303 -0.189516 0.334197
v -0.279505 -0.919260 0.230875
v 0.738668 -0.526876 0.397110
v -0.608500 -0.776761 0.085409
v 0.947945 0.080680 0.289363
v -0.945286 -0.270494 -0.148683
v 0.941371 0.095603 0.305809
v -0.951859 -0.255571 -0.132237
v 0.935000 0.113599 0.318920
v -0.958231 -0.237575 -0.119127
v 0.929075 0.133977 0.328192
v -0.964156 -0.217197 -0.109855
v -0.969407 -0.195219 -0.104778
v 0.919448 0.178686 0.333954
v -0.973782 -0.172487 -0.104092
v 0.916117 0.201299 0.330224
v -0.977114 -0.149875 -0.107823
v 0.913958 0.222924 0.322220
v -0.979273 -0.128250 -0.115827
v 0.913054 0.242729 0.310250
v -0.980177 -0.108444 -0.127797
v 0.913439 0.259955 0.294774
v -0.979791 -0.091219 -0.143272
v 0.915100 0.273938 0.276388
v -0.978131 -0.077236 -0.161659
v 0.917971 0.284141 0.255797
v -0.975259 -0.067033 -0.182250
v 0.921944 0.290173 0.233792
v -0.971287 -0.061001 -0.204254
v 0.926864 0.291801 0.211220
v -0.966366 -0.059373 -0.226826
v 0.932544 0.288964 0.188948
v -0.960687 -0.062210 -0.249098
v 0.938764 0.281769 0.167832
v -0.954467 -0.069405 -0.270214
v 0.945286 0.270494 0.148683
v -0.947945 -0.080680 -0.289363
v 0.951859 0.255571 0.132237
v -0.941371 -0.095603 -0.305809
v 0.958231 0.237575 0.119127
v 0.964156 0.217197 0.109855
v -0.929075 -0.133977 -0.328192
v 0.969407 0.195219 0.104778
v -0.923823 -0.155955 -0.333268
v 0.973782 0.172487 0.104092
v -0.919448 -0.178686 -0.333954
v 0.977114 0.149875 0.107823
v -0.916117 -0.201299 -0.330224
v 0.979273 0.128250 0.115827
v -0.913958 -0.222924 -0.322220
v 0.980177 0.108444 0.127797
v -0.913054 -0.242729 -0.310250
v 0.979792 0.091219 0.143272
v -0.913439 -0.259955 -0.294774
v 0.978131 0.077236 0.161659
v -0.915100 -0.273938 -0.276388
v 0.975259 0.067033 0.182250
v -0.917971 -0.284141 -0.255796
v 0.971287 0.061001 0.204254
v -0.921944 -0.290173 -0.233792
v 0.966366 0.059373 0.226826
v -0.926864 -0.291801 -0.211220
v 0.325116 -0.910937 0.198972
v 0.142003 -0.963930 0.159029
v -0.046567 -0.979881 0.112974
v 0.870944 -0.388614 0.271613
v -0.411160 -0.899646 0.009776
v 0.647303 -0.703312 0.254679
v -0.796719 -0.590367 -0.033544
v 0.364600 -0.830822 0.390480
v -0.884640 -0.437700 -0.111460
v 0.184969 -0.900048 0.361152
v 0.957289 0.048235 0.265559
v -0.931931 -0.302195 -0.171560
v -0.001771 -0.934687 0.317945
v 0.938286 -0.099567 0.310320
v -0.188443 -0.933405 0.262519
v 0.883496 -0.278706 0.355217
v -0.367873 -0.896254 0.197006
v 0.794751 -0.448201 0.386825
v -0.533166 -0.824660 0.123921
v 0.675465 -0.600472 0.403568
v -0.677970 -0.721375 0.046074
v 0.530221 -0.729667 0.404802
v -0.711909 -0.672180 0.153319
v 0.483040 -0.661279 0.553892
v -0.821938 -0.553813 0.046147
v 0.313406 -0.756616 0.552252
v -0.900231 -0.415102 -0.062195
v 0.131728 -0.822877 0.529389
v 0.949920 0.058917 0.288846
v -0.939301 -0.291513 -0.148273
v -0.055012 -0.857515 0.486182
v 0.922696 -0.076968 0.359585
v -0.239638 -0.859199 0.424292
v 0.858277 -0.242151 0.434907
v -0.415054 -0.827865 0.346096
v 0.760813 -0.399007 0.494070
v -0.574521 -0.764717 0.254599
v 0.634110 -0.540529 0.534247
v 0.906674 -0.044915 0.403136
v -0.292250 -0.753946 0.567300
v 0.832360 -0.190302 0.505354
v -0.463542 -0.730863 0.477893
v 0.725934 -0.329230 0.588876
v -0.617020 -0.679693 0.370120
v 0.591611 -0.455505 0.649768
v -0.746787 -0.602404 0.248125
v 0.434552 -0.564276 0.685689
v -0.847855 -0.501964 0.116594
v 0.260794 -0.651362 0.695260
v -0.916253 -0.383048 -0.018644
v 0.077014 -0.713417 0.678113
v 0.942346 0.074068 0.309432
v -0.946874 -0.276362 -0.127687
v -0.109726 -0.748055 0.634906
v 0.386622 -0.442388 0.795128
v -0.873475 -0.436814 0.175090
v 0.208786 -0.519106 0.814009
v -0.932091 -0.342772 0.017519
v 0.022928 -0.575875 0.801607
v 0.934860 0.093106 0.326526
v -0.954361 -0.257324 -0.110593
v -0.163812 -0.610513 0.758400
v 0.890836 -0.004639 0.439299
v -0.344257 -0.621690 0.686048
v 0.806741 -0.125152 0.563850
v -0.511472 -0.608975 0.587332
v 0.691456 -0.241552 0.667599
v -0.659032 -0.572858 0.466045
v 0.549599 -0.348670 0.745692
v -0.781265 -0.514726 0.326848
v -0.393662 -0.467513 0.775973
v 0.782404 -0.049203 0.608148
v -0.557004 -0.466885 0.670208
v 0.658704 -0.139343 0.727214
v -0.698940 -0.448315 0.538686
v 0.509691 -0.224127 0.818333
v -0.814017 -0.412516 0.386463
v 0.341090 -0.300299 0.878004
v -0.897812 -0.360865 0.219388
v 0.159382 -0.364930 0.903934
v -0.947136 -0.295820 0.044904
v -0.028451 -0.415537 0.895126
v 0.927748 0.115300 0.339471
v -0.961473 -0.235130 -0.097648
v -0.215191 -0.450175 0.851919
v 0.875790 0.042313 0.466684
v -0.919931 -0.277037 0.247785
v 0.114479 -0.194758 0.961580
v -0.960811 -0.243997 0.062460
v -0.075149 -0.238564 0.955076
v 0.921284 0.139796 0.347769
v -0.967936 -0.210634 -0.089350
v -0.261889 -0.273203 0.911870
v 0.862116 0.094136 0.484240
v -0.438564 -0.297342 0.833620
v 0.760284 0.034625 0.636545
v -0.598386 -0.310054 0.723335
v 0.628936 -0.026529 0.765430
v -0.735213 -0.310852 0.585252
v 0.473418 -0.086664 0.864899
v -0.843785 -0.299703 0.424679
v 0.299707 -0.143468 0.931131
v -0.634030 -0.144509 0.744672
v 0.603296 0.092552 0.780778
v -0.766455 -0.165750 0.603954
v 0.442176 0.058438 0.883601
v -0.869425 -0.180621 0.440027
v 0.264064 0.022077 0.952468
v -0.938983 -0.188551 0.259190
v 0.075803 -0.015131 0.984733
v -0.972589 -0.189295 0.069510
v -0.115370 -0.051759 0.979154
v 0.915717 0.165653 0.351101
v -0.973504 -0.184777 -0.086017
v -0.302110 -0.086397 0.935947
v 0.850338 0.148839 0.491290
v -0.477240 -0.117715 0.856772
v 0.741232 0.123110 0.647950
v -0.982018 -0.133815 0.065785
v -0.147570 0.137702 0.966433
v 0.911260 0.191878 0.349341
v -0.977961 -0.158552 -0.087778
v -0.334310 0.103064 0.923226
v 0.840909 0.204318 0.487565
v -0.508202 0.064465 0.844540
v 0.725980 0.212854 0.641925
v -0.662565 0.023388 0.733399
v 0.582770 0.213326 0.772669
v -0.791466 -0.018587 0.594073
v 0.417165 0.205601 0.873721
v -0.889951 -0.059847 0.431918
v 0.235529 0.189975 0.941195
v -0.954235 -0.098808 0.253164
v 0.044841 0.167048 0.972500
v 0.568147 0.331151 0.741414
v -0.809285 0.124983 0.555989
v 0.399346 0.349171 0.835636
v -0.904574 0.057978 0.400663
v 0.215199 0.353773 0.897745
v -0.965102 -0.011256 0.229940
v 0.022782 0.344779 0.925355
v -0.988735 -0.079690 0.051428
v -0.170510 0.322536 0.917403
v 0.908085 0.217463 0.342554
v -0.981136 -0.132968 -0.094565
v -0.357250 0.287898 0.874196
v 0.834191 0.258443 0.473207
v -0.530261 0.242196 0.797394
v 0.715114 0.300405 0.618700
v -0.682894 0.187186 0.689949
v -0.183310 0.495641 0.833948
v 0.906313 0.241423 0.331002
v -0.982908 -0.109007 -0.106116
v -0.370050 0.461003 0.790741
v 0.830443 0.309134 0.448769
v -0.542569 0.408648 0.717146
v 0.709051 0.382401 0.579169
v -0.694237 0.340590 0.615992
v 0.559988 0.441499 0.688215
v -0.819227 0.259443 0.491165
v 0.389404 0.483631 0.770813
v -0.912734 0.168325 0.347464
v 0.203857 0.507177 0.823788
v -0.971165 0.070739 0.190409
v 0.010475 0.511232 0.845107
v -0.992484 -0.028999 0.026989
v -0.820910 0.379624 0.402093
v 0.387721 0.603812 0.681740
v -0.914115 0.266956 0.274364
v 0.201936 0.644291 0.722166
v -0.972191 0.144028 0.136091
v 0.008391 0.660009 0.734840
v -0.993118 0.016308 -0.006590
v -0.185477 0.650364 0.719274
v 0.906013 0.262840 0.315130
v -0.983208 -0.087590 -0.121989
v -0.372217 0.615726 0.676067
v 0.829809 0.354442 0.415190
v -0.544653 0.557426 0.606880
v 0.708024 0.455690 0.524851
v -0.696158 0.477704 0.514370
v 0.558606 0.540130 0.615115
v 0.907196 0.280889 0.295546
v -0.982024 -0.069541 -0.141573
v -0.363668 0.746121 0.534583
v 0.832312 0.392625 0.373759
v -0.536432 0.682810 0.470833
v 0.712074 0.517456 0.457833
v -0.688582 0.593259 0.388988
v 0.564056 0.623252 0.524924
v -0.814270 0.480909 0.292195
v 0.394361 0.705097 0.571842
v -0.908665 0.350078 0.184173
v 0.209512 0.759846 0.596785
v -0.968142 0.205794 0.069073
v 0.016611 0.785394 0.598793
v -0.990615 0.054492 -0.048021
v -0.176928 0.780760 0.577790
v 0.409070 0.783593 0.445342
v -0.896594 0.414498 0.080357
v 0.226293 0.849401 0.452462
v -0.959172 0.253662 -0.008069
v 0.034820 0.882567 0.442194
v -0.985070 0.084085 -0.095711
v -0.157991 0.881817 0.414932
v 0.909818 0.294877 0.273003
v -0.979403 -0.055553 -0.164116
v -0.344731 0.847179 0.371725
v 0.837857 0.422218 0.326069
v -0.518224 0.779984 0.314233
v 0.721043 0.565324 0.380691
v -0.671801 0.682814 0.244665
v 0.576127 0.687672 0.421108
v -0.799561 0.559405 0.165695
v -0.316135 0.915013 0.193752
v 0.846231 0.442082 0.273953
v -0.490726 0.845212 0.143099
v 0.734589 0.597456 0.296389
v -0.646459 0.742929 0.086947
v 0.594356 0.730914 0.307657
v -0.777349 0.612096 0.027454
v 0.431282 0.836284 0.307101
v -0.878365 0.457740 -0.033095
v 0.251635 0.909516 0.294744
v -0.945627 0.285794 -0.092371
v 0.062317 0.947795 0.271060
v -0.976696 0.103949 -0.147827
v -0.129395 0.949652 0.236959
v 0.913776 0.304266 0.248368
v -0.975445 -0.046164 -0.188750
v -0.854679 0.478143 -0.151822
v 0.284563 0.937879 0.129692
v -0.928026 0.300955 -0.180593
v 0.098046 0.978571 0.091968
v -0.965815 0.113321 -0.202367
v -0.092239 0.981658 0.050709
v 0.918919 0.308697 0.222588
v -0.970302 -0.041733 -0.214531
v -0.278979 0.947019 0.007502
v 0.857112 0.451454 0.219413
v -0.454998 0.875988 -0.035993
v 0.752189 0.612616 0.208167
v -0.613531 0.771292 -0.078105
v 0.618042 0.751317 0.188929
v -0.748487 0.636957 -0.117216
v 0.460144 0.861145 0.162432
v -0.412410 0.871129 -0.216161
v 0.773168 0.610223 0.119415
v -0.574282 0.766814 -0.244148
v 0.646275 0.748096 0.069489
v -0.714085 0.633032 -0.262754
v 0.494546 0.857220 0.016893
v -0.826446 0.474922 -0.271262
v 0.323812 0.933401 -0.036352
v -0.907047 0.298561 -0.269345
v 0.140633 0.973712 -0.088200
v -0.952846 0.111842 -0.257234
v -0.047949 0.976604 -0.136659
v 0.925049 0.307997 0.196653
v -0.964172 -0.042433 -0.240466
v -0.234689 0.941966 -0.179866
v 0.870081 0.449975 0.164546
v -0.883496 0.278705 -0.355217
v 0.188443 0.933405 -0.262519
v -0.938286 0.099567 -0.310320
v 0.001771 0.934686 -0.317945
v 0.931931 0.302195 0.171560
v -0.957289 -0.048235 -0.265559
v -0.184969 0.900048 -0.361152
v 0.884641 0.437700 0.111460
v -0.364600 0.830822 -0.390480
v 0.796719 0.590367 0.033544
v -0.530221 0.729667 -0.404802
v 0.677970 0.721375 -0.046074
v -0.675465 0.600472 -0.403568
v 0.533166 0.824660 -0.123921
v -0.794751 0.448201 -0.386825
v 0.367873 0.896254 -0.197005
v 0.821938 0.553813 -0.046147
v -0.483039 0.661278 -0.553892
v 0.711909 0.672180 -0.153319
v -0.634110 0.540528 -0.534247
v 0.574521 0.764717 -0.254599
v -0.760812 0.399006 -0.494070
v 0.415054 0.827865 -0.346095
v -0.858277 0.242151 -0.434907
v 0.239638 0.859199 -0.424291
v -0.922696 0.076968 -0.359585
v 0.055012 0.857515 -0.486182
v 0.939301 0.291513 0.148273
v -0.949920 -0.058917 -0.288846
v -0.131728 0.822876 -0.529389
v 0.900231 0.415102 0.062195
v -0.313406 0.756615 -0.552252
v 0.292250 0.753945 -0.567300
v -0.906674 0.044915 -0.403136
v 0.109726 0.748054 -0.634906
v 0.946874 0.276362 0.127687
v -0.942346 -0.074068 -0.309432
v -0.077014 0.713416 -0.678113
v 0.916253 0.383048 0.018644
v -0.260794 0.651362 -0.695260
v 0.847855 0.501964 -0.116594
v -0.434552 0.564276 -0.685689
v 0.746787 0.602404 -0.248125
v -0.591611 0.455505 -0.649768
v 0.617020 0.679693 -0.370120
v -0.725934 0.329230 -0.588876
v 0.463542 0.730863 -0.477893
v -0.832360 0.190302 -0.505354
v -0.386622 0.442388 -0.795128
v 0.781265 0.514726 -0.326848
v -0.549599 0.348670 -0.745692
v 0.659032 0.572858 -0.466045
v -0.691456 0.241552 -0.667599
v 0.511472 0.608975 -0.587332
v -0.806741 0.125152 -0.563850
v 0.344257 0.621689 -0.686048
v -0.890836 0.004639 -0.439299
v 0.163812 0.610513 -0.758400
v 0.954361 0.257324 0.110593
v -0.934860 -0.093106 -0.326526
v -0.022928 0.575874 -0.801607
v 0.932091 0.342772 -0.017519
v -0.208786 0.519106 -0.814009
v 0.873475 0.436813 -0.175090
v -0.875790 -0.042313 -0.466684
v 0.215191 0.450175 -0.851919
v 0.961473 0.235130 0.097648
v -0.927748 -0.115300 -0.339470
v 0.028451 0.415536 -0.895126
v 0.947136 0.295820 -0.044904
v -0.159382 0.364930 -0.903934
v 0.897812 0.360865 -0.219388
v -0.341090 0.300298 -0.878004
v 0.814017 0.412516 -0.386463
v -0.509691 0.224127 -0.818333
v 0.698940 0.448315 -0.538686
v -0.658704 0.139342 -0.727214
v 0.557004 0.466885 -0.670207
v -0.782404 0.049203 -0.608148
v 0.393662 0.467513 -0.775973
v 0.843785 0.299703 -0.424678
v -0.473418 0.086664 -0.864899
v 0.735213 0.310852 -0.585252
v -0.628936 0.026529 -0.765429
v 0.598386 0.310054 -0.723334
v -0.760284 -0.034625 -0.636545
v 0.438564 0.297342 -0.833619
v -0.862116 -0.094136 -0.484239
v 0.261889 0.273202 -0.911869
v 0.967936 0.210634 0.089350
v -0.921284 -0.139796 -0.347769
v 0.075149 0.238564 -0.955076
v 0.960811 0.243997 -0.062459
v -0.114479 0.194758 -0.961580
v 0.919931 0.277037 -0.247785
v -0.299708 0.143468 -0.931131
v 0.302110 0.086396 -0.935946
v 0.973504 0.184777 0.086017
v -0.915717 -0.165653 -0.351101
v 0.115370 0.051758 -0.979153
v 0.972589 0.189295 -0.069510
v -0.075803 0.015131 -0.984732
v 0.938983 0.188551 -0.259190
v -0.264064 -0.022078 -0.952468
v 0.869425 0.180621 -0.440027
v -0.442176 -0.058438 -0.883601
v 0.766455 0.165750 -0.603954
v -0.603297 -0.092552 -0.780778
v 0.634030 0.144509 -0.744671
v -0.741232 -0.123110 -0.647950
v 0.477240 0.117715 -0.856771
v -0.850338 -0.148839 -0.491290
v -0.417166 -0.205601 -0.873720
v 0.791466 0.018587 -0.594073
v -0.582771 -0.213326 -0.772669
v 0.662565 -0.023388 -0.733398
v -0.725980 -0.212854 -0.641924
v 0.508202 -0.064465 -0.844539
v -0.840909 -0.204318 -0.487565
v 0.334310 -0.103064 -0.923225
v 0.977961 0.158552 0.087778
v -0.911260 -0.191878 -0.349341
v 0.147570 -0.137702 -0.966432
v 0.982018 0.133815 -0.065785
v -0.044841 -0.167048 -0.972500
v 0.954235 0.098808 -0.253164
v -0.235529 -0.189975 -0.941195
v 0.889951 0.059847 -0.431918
v -0.908085 -0.217462 -0.342554
v 0.170510 -0.322536 -0.917402
v 0.988736 0.079690 -0.051427
v -0.022782 -0.344779 -0.925354
v 0.965102 0.011256 -0.229940
v -0.215199 -0.353773 -0.897745
v 0.904574 -0.057978 -0.400663
v -0.399346 -0.349171 -0.835636
v 0.809285 -0.124983 -0.555989
v -0.568147 -0.331151 -0.741414
v 0.682894 -0.187186 -0.689949
v -0.715114 -0.300405 -0.618700
v 0.530261 -0.242196 -0.797394
v -0.834191 -0.258443 -0.473207
v 0.357250 -0.287898 -0.874195
v 0.981136 0.132968 0.094565
v -0.559988 -0.441499 -0.688215
v 0.694237 -0.340590 -0.615991
v -0.709051 -0.382401 -0.579169
v 0.542569 -0.408648 -0.717146
v -0.830443 -0.309134 -0.448769
v 0.370050 -0.461003 -0.790740
v 0.982908 0.109007 0.106117
v -0.906313 -0.241423 -0.331002
v 0.183310 -0.495641 -0.833947
v 0.992484 0.028999 -0.026989
v -0.010475 -0.511232 -0.845106
v 0.971165 -0.070739 -0.190409
v -0.203857 -0.507177 -0.823788
v 0.912734 -0.168325 -0.347463
v -0.389404 -0.483631 -0.770812
v 0.819227 -0.259443 -0.491165
v 0.993118 -0.016308 0.006591
v -0.008391 -0.660009 -0.734840
v 0.972191 -0.144028 -0.136091
v -0.201936 -0.644291 -0.722166
v 0.914115 -0.266956 -0.274364
v -0.387721 -0.603812 -0.681740
v 0.820910 -0.379624 -0.402093
v -0.558606 -0.540129 -0.615115
v 0.696158 -0.477704 -0.514369
v -0.708024 -0.455690 -0.524851
v 0.544652 -0.557425 -0.606879
v -0.829808 -0.354442 -0.415189
v 0.372217 -0.615726 -0.676067
v 0.983208 0.087590 0.121989
v -0.906013 -0.262840 -0.315129
v 0.185477 -0.650364 -0.719274
v 0.688582 -0.593259 -0.388988
v -0.712074 -0.517456 -0.457833
v 0.536432 -0.682810 -0.470833
v -0.832312 -0.392625 -0.373758
v 0.363668 -0.746121 -0.534583
v 0.982024 0.069541 0.141573
v -0.907196 -0.280889 -0.295546
v 0.176928 -0.780760 -0.577790
v 0.990615 -0.054492 0.048021
v -0.016611 -0.785394 -0.598793
v 0.968142 -0.205794 -0.069073
v -0.209512 -0.759845 -0.596785
v 0.908665 -0.350078 -0.184173
v -0.394362 -0.705097 -0.571842
v 0.814270 -0.480909 -0.292195
v -0.564056 -0.623252 -0.524924
v -0.034820 -0.882567 -0.442194
v 0.959172 -0.253662 0.008069
v -0.226293 -0.849401 -0.452462
v 0.896594 -0.414498 -0.080357
v -0.409070 -0.783593 -0.445342
v 0.799561 -0.559405 -0.165695
v -0.576127 -0.687672 -0.421108
v 0.671800 -0.682814 -0.244665
v -0.721043 -0.565324 -0.380691
v 0.518223 -0.779983 -0.314233
v -0.837857 -0.422218 -0.326069
v 0.344731 -0.847178 -0.371725
v 0.979403 0.055553 0.164116
v -0.909818 -0.294877 -0.273003
v 0.157991 -0.881816 -0.414932
v 0.985070 -0.084085 0.095711
v -0.734589 -0.597456 -0.296389
v 0.490726 -0.845211 -0.143099
v -0.846231 -0.442082 -0.273953
v 0.316135 -0.915013 -0.193751
v 0.975445 0.046164 0.188750
v -0.913776 -0.304266 -0.248368
v 0.129395 -0.949651 -0.236958
v 0.976696 -0.103949 0.147827
v -0.062317 -0.947795 -0.271059
v 0.945627 -0.285794 0.092371
v -0.251635 -0.909516 -0.294744
v 0.878365 -0.457740 0.033095
v -0.431282 -0.836284 -0.307101
v 0.777349 -0.612096 -0.027454
v -0.594356 -0.730914 -0.307656
v 0.646459 -0.742929 -0.086947
v 0.928026 -0.300954 0.180593
v -0.284563 -0.937879 -0.129691
v 0.854679 -0.478143 0.151822
v -0.460144 -0.861144 -0.162431
v 0.748487 -0.636956 0.117216
v -0.618042 -0.751317 -0.188929
v 0.613531 -0.771292 0.078105
v -0.752189 -0.612616 -0.208167
v 0.454998 -0.875987 0.035993
v -0.857111 -0.451454 -0.219413
v 0.278978 -0.947019 -0.007502
v 0.970302 0.041733 0.214531
v -0.918919 -0.308697 -0.222588
v 0.092239 -0.981657 -0.050709
v 0.965815 -0.113321 0.202367
v -0.098046 -0.978571 -0.091967
v 0.412410 -0.871129 0.216161
v -0.870081 -0.449975 -0.164546
v 0.234689 -0.941966 0.179866
v 0.964171 0.042433 0.240466
v -0.925049 -0.307997 -0.196653
v 0.047949 -0.976604 0.136659
v 0.952846 -0.111841 0.257234
v -0.140633 -0.973712 0.088200
v 0.907047 -0.298561 0.269345
v -0.323812 -0.933401 0.036352
v 0.826446 -0.474922 0.271262
v -0.494546 -0.857220 -0.016893
v 0.714085 -0.633032 0.262754
v -0.646275 -0.748095 -0.069489
v 0.574282 -0.766814 0.244149
v -0.773168 -0.610223 -0.119415
vn 0.8615 -0.3891 0.3262
vn 0.6289 -0.7017 0.3347
vn 0.3025 -0.9071 0.2927
vn 0.1191 -0.9597 0.2546
vn -0.0688 -0.9760 0.2068
vn -0.4303 -0.8982 0.0897
vn 0.9510 -0.0170 0.3087
vn 0.9097 -0.1841 0.3723
vn 0.8321 -0.3551 0.4262
vn 0.7222 -0.5130 0.4639
vn 0.5850 -0.6510 0.4837
vn 0.4258 -0.7638 0.4851
vn 0.2508 -0.8474 0.4681
vn 0.0665 -0.8988 0.4333
vn -0.1204 -0.9162 0.3822
vn -0.3029 -0.8989 0.3165
vn -0.4742 -0.8474 0.2387
vn -0.6278 -0.7635 0.1515
vn -0.7577 -0.6499 0.0583
vn -0.8582 -0.5120 -0.0367
vn -0.9228 -0.3645 -0.1248
vn 0.9393 0.0033 0.3431
vn 0.8883 -0.1471 0.4351
vn 0.8012 -0.3017 0.5168
vn 0.6830 -0.4453 0.5790
vn 0.5390 -0.5714 0.6189
vn 0.3748 -0.6755 0.6350
vn 0.1967 -0.7537 0.6271
vn 0.0113 -0.8033 0.5954
vn -0.1746 -0.8226 0.5412
vn -0.3540 -0.8107 0.4664
vn -0.5202 -0.7679 0.3738
vn -0.6670 -0.6957 0.2666
vn -0.7886 -0.5966 0.1490
vn -0.8796 -0.4751 0.0261
vn -0.9345 -0.3443 -0.0904
vn 0.9275 0.0301 0.3727
vn 0.8667 -0.0982 0.4890
vn 0.7701 -0.2311 0.5946
vn 0.6435 -0.3556 0.6778
vn 0.4926 -0.4661 0.7349
vn 0.3233 -0.5586 0.7638
vn 0.1421 -0.6298 0.7637
vn -0.0444 -0.6770 0.7346
vn -0.2292 -0.6987 0.6778
vn -0.4054 -0.6938 0.5952
vn -0.5666 -0.6626 0.4898
vn -0.7065 -0.6060 0.3655
vn -0.8197 -0.5260 0.2268
vn -0.9011 -0.4261 0.0800
vn -0.9463 -0.3175 -0.0609
vn 0.9160 0.0624 0.3962
vn 0.8458 -0.0392 0.5320
vn 0.7399 -0.1459 0.6567
vn 0.6052 -0.2474 0.7567
vn 0.4477 -0.3391 0.8274
vn 0.2734 -0.4177 0.8664
vn 0.0892 -0.4803 0.8725
vn -0.0983 -0.5247 0.8456
vn -0.2821 -0.5492 0.7866
vn -0.4553 -0.5529 0.6978
vn -0.6116 -0.5356 0.5823
vn -0.7448 -0.4978 0.4443
vn -0.8499 -0.4408 0.2888
vn -0.9220 -0.3672 0.1229
vn -0.9578 -0.2851 -0.0373
vn 0.9054 0.0990 0.4129
vn 0.8264 0.0276 0.5624
vn 0.7119 -0.0495 0.7006
vn 0.5696 -0.1249 0.8124
vn 0.4058 -0.1954 0.8928
vn 0.2270 -0.2582 0.9390
vn 0.0399 -0.3111 0.9495
vn -0.1485 -0.3522 0.9241
vn -0.3313 -0.3800 0.8636
vn -0.5017 -0.3934 0.7704
vn -0.6534 -0.3918 0.6477
vn -0.7805 -0.3753 0.5000
vn -0.8779 -0.3444 0.3327
vn -0.9414 -0.3004 0.1533
vn -0.9684 -0.2485 -0.0207
vn 0.9587 0.1778 0.2218
vn 0.8959 0.1385 0.4220
vn 0.8092 0.0996 0.5790
vn 0.6870 0.0545 0.7246
vn 0.5380 0.0072 0.8429
vn 0.3688 -0.0403 0.9286
vn 0.1859 -0.0861 0.9788
vn -0.0037 -0.1286 0.9917
vn -0.1929 -0.1662 0.9670
vn -0.3749 -0.1975 0.9058
vn -0.5428 -0.2213 0.8102
vn -0.6904 -0.2368 0.6836
vn -0.8120 -0.2432 0.5305
vn -0.9028 -0.2404 0.3567
vn -0.9586 -0.2283 0.1700
vn -0.9778 -0.2091 -0.0115
vn 0.8881 0.1794 0.4232
vn 0.7949 0.1741 0.5813
vn 0.6663 0.1621 0.7278
vn 0.5117 0.1438 0.8470
vn 0.3379 0.1201 0.9335
vn 0.1517 0.0919 0.9842
vn -0.0400 0.0602 0.9974
vn -0.2300 0.0262 0.9728
vn -0.4112 -0.0087 0.9115
vn -0.5771 -0.0433 0.8155
vn -0.7213 -0.0764 0.6884
vn -0.8383 -0.1066 0.5347
vn -0.9235 -0.1328 0.3600
vn -0.9730 -0.1538 0.1722
vn -0.9857 -0.1682 -0.0103
vn 0.8821 0.2200 0.4165
vn 0.7839 0.2482 0.5690
vn 0.6506 0.2691 0.7102
vn 0.4917 0.2798 0.8246
vn 0.3144 0.2797 0.9072
vn 0.1256 0.2689 0.9549
vn -0.0677 0.2480 0.9664
vn -0.2582 0.2176 0.9413
vn -0.4389 0.1791 0.8805
vn -0.6032 0.1337 0.7863
vn -0.7448 0.0832 0.6621
vn -0.8583 0.0293 0.5122
vn -0.9392 -0.0258 0.3423
vn -0.9839 -0.0797 0.1600
vn -0.9917 -0.1276 -0.0170
vn 0.8782 0.2588 0.4022
vn 0.7769 0.3191 0.5428
vn 0.6403 0.3715 0.6723
vn 0.4787 0.4097 0.7765
vn 0.2992 0.4322 0.8507
vn 0.1087 0.4382 0.8923
vn -0.0856 0.4275 0.8999
vn -0.2764 0.4007 0.8735
vn -0.4568 0.3587 0.8140
vn -0.6201 0.3030 0.7237
vn -0.7600 0.2358 0.6056
vn -0.8713 0.1593 0.4641
vn -0.9494 0.0766 0.3045
vn -0.9910 -0.0088 0.1338
vn -0.9956 -0.0887 -0.0314
vn 0.8766 0.2944 0.3807
vn 0.7739 0.3841 0.5036
vn 0.6361 0.4652 0.6156
vn 0.4733 0.5288 0.7045
vn 0.2928 0.5720 0.7662
vn 0.1016 0.5933 0.7986
vn -0.0931 0.5920 0.8005
vn -0.2841 0.5683 0.7722
vn -0.4643 0.5232 0.7146
vn -0.6271 0.4581 0.6299
vn -0.7664 0.3755 0.5211
vn -0.8768 0.2784 0.3922
vn -0.9537 0.1703 0.2478
vn -0.9939 0.0561 0.0945
vn -0.9972 -0.0532 -0.0529
vn 0.8773 0.3253 0.3529
vn 0.7752 0.4405 0.4528
vn 0.6379 0.5467 0.5424
vn 0.4756 0.6323 0.6115
vn 0.2955 0.6935 0.6570
vn 0.1046 0.7281 0.6774
vn -0.0899 0.7351 0.6720
vn -0.2808 0.7141 0.6412
vn -0.4611 0.6662 0.5861
vn -0.6241 0.5930 0.5088
vn -0.7637 0.4970 0.4119
vn -0.8744 0.3819 0.2992
vn -0.9519 0.2518 0.1746
vn -0.9927 0.1126 0.0438
vn -0.9965 -0.0222 -0.0807
vn 0.8803 0.3505 0.3198
vn 0.7806 0.4864 0.3926
vn 0.6457 0.6129 0.4554
vn 0.4856 0.7164 0.5010
vn 0.3072 0.7922 0.5273
vn 0.1176 0.8376 0.5334
vn -0.0761 0.8512 0.5193
vn -0.2668 0.8325 0.4856
vn -0.4473 0.7823 0.4334
vn -0.6111 0.7024 0.3648
vn -0.7520 0.5957 0.2822
vn -0.8645 0.4660 0.1886
vn -0.9440 0.3180 0.0876
vn -0.9872 0.1584 -0.0165
vn -0.9935 0.0029 -0.1137
vn 0.8854 0.3688 0.2828
vn 0.7900 0.5198 0.3251
vn 0.6593 0.6612 0.3579
vn 0.5028 0.7777 0.3772
vn 0.3275 0.8642 0.3820
vn 0.1401 0.9175 0.3722
vn -0.0523 0.9359 0.3483
vn -0.2425 0.9189 0.3113
vn -0.4235 0.8671 0.2624
vn -0.5886 0.7823 0.2036
vn -0.7317 0.6677 0.1369
vn -0.8472 0.5273 0.0649
vn -0.9305 0.3663 -0.0099
vn -0.9778 0.1919 -0.0840
vn -0.9883 0.0212 -0.1507
vn 0.8926 0.3796 0.2433
vn 0.8031 0.5396 0.2529
vn 0.6781 0.6897 0.2538
vn 0.5267 0.8140 0.2450
vn 0.3555 0.9067 0.2267
vn 0.1712 0.9647 0.1999
vn -0.0193 0.9860 0.1656
vn -0.2088 0.9699 0.1250
vn -0.3905 0.9171 0.0797
vn -0.5575 0.8296 0.0313
vn -0.7037 0.7103 -0.0183
vn -0.8233 0.5636 -0.0674
vn -0.9117 0.3948 -0.1140
vn -0.9648 0.2117 -0.1561
vn -0.9812 0.0321 -0.1902
vn 0.9014 0.3826 0.2028
vn 0.8192 0.5449 0.1789
vn 0.7014 0.6974 0.1470
vn 0.5563 0.8238 0.1093
vn 0.3903 0.9182 0.0675
vn 0.2097 0.9775 0.0232
vn 0.0216 0.9995 -0.0219
vn -0.1672 0.9837 -0.0660
vn -0.3496 0.9307 -0.1077
vn -0.5190 0.8423 -0.1454
vn -0.6690 0.7218 -0.1776
vn -0.7937 0.5733 -0.2031
vn -0.8884 0.4025 -0.2208
vn -0.9487 0.2170 -0.2301
vn -0.9724 0.0350 -0.2308
vn 0.9116 0.3775 0.1627
vn 0.8378 0.5356 0.1059
vn 0.7283 0.6840 0.0416
vn 0.5904 0.8067 -0.0246
vn 0.4303 0.8982 -0.0897
vn 0.2542 0.9553 -0.1512
vn 0.0688 0.9760 -0.2068
vn -0.1191 0.9597 -0.2546
vn -0.3025 0.9071 -0.2927
vn -0.4746 0.8201 -0.3198
vn -0.6289 0.7017 -0.3347
vn -0.7596 0.5563 -0.3370
vn -0.8615 0.3891 -0.3262
vn -0.9301 0.2077 -0.3031
vn -0.9622 0.0299 -0.2708
vn 0.9228 0.3645 0.1248
vn 0.8582 0.5120 0.0367
vn 0.7577 0.6499 -0.0583
vn 0.6278 0.7635 -0.1515
vn 0.4742 0.8474 -0.2387
vn 0.3029 0.8989 -0.3165
vn 0.1204 0.9162 -0.3822
vn -0.0665 0.8988 -0.4333
vn -0.2508 0.8474 -0.4681
vn -0.4258 0.7638 -0.4851
vn -0.5850 0.6510 -0.4837
vn -0.7222 0.5130 -0.4639
vn -0.8321 0.3551 -0.4262
vn -0.9097 0.1841 -0.3723
vn -0.9510 0.0170 -0.3087
vn 0.9345 0.3443 0.0904
vn 0.8796 0.4751 -0.0261
vn 0.7886 0.5966 -0.1490
vn 0.6670 0.6957 -0.2666
vn 0.5202 0.7679 -0.3738
vn 0.3540 0.8107 -0.4664
vn 0.1746 0.8226 -0.5412
vn -0.0113 0.8033 -0.5954
vn -0.1967 0.7537 -0.6271
vn -0.3748 0.6755 -0.6350
vn -0.5390 0.5714 -0.6189
vn -0.6830 0.4453 -0.5790
vn -0.8012 0.3017 -0.5168
vn -0.8883 0.1471 -0.4351
vn -0.9393 -0.0033 -0.3431
vn 0.9463 0.3175 0.0609
vn 0.9011 0.4261 -0.0800
vn 0.8197 0.5260 -0.2268
vn 0.7065 0.6060 -0.3655
vn 0.5666 0.6626 -0.4898
vn 0.4054 0.6938 -0.5952
vn 0.2292 0.6987 -0.6778
vn 0.0444 0.6770 -0.7346
vn -0.1421 0.6298 -0.7637
vn -0.3233 0.5586 -0.7638
vn -0.4926 0.4661 -0.7349
vn -0.6435 0.3556 -0.6778
vn -0.7701 0.2311 -0.5946
vn -0.8667 0.0982 -0.4890
vn -0.9275 -0.0301 -0.3727
vn 0.9578 0.2851 0.0373
vn 0.9220 0.3672 -0.1229
vn 0.8499 0.4408 -0.2888
vn 0.7448 0.4978 -0.4443
vn 0.6116 0.5356 -0.5823
vn 0.4553 0.5529 -0.6978
vn 0.2821 0.5492 -0.7866
vn 0.0983 0.5247 -0.8456
vn -0.0892 0.4803 -0.8725
vn -0.2734 0.4177 -0.8664
vn -0.4477 0.3391 -0.8274
vn -0.6052 0.2474 -0.7567
vn -0.7399 0.1459 -0.6567
vn -0.8458 0.0392 -0.5320
vn -0.9160 -0.0624 -0.3962
vn -0.9587 -0.1778 -0.2218
vn 0.9684 0.2485 0.0207
vn 0.9414 0.3004 -0.1533
vn 0.8779 0.3444 -0.3327
vn 0.7805 0.3753 -0.5000
vn 0.6534 0.3918 -0.6477
vn 0.5017 0.3934 -0.7704
vn 0.3313 0.3800 -0.8636
vn 0.1485 0.3522 -0.9241
vn -0.0399 0.3111 -0.9495
vn -0.2270 0.2582 -0.9390
vn -0.4058 0.1954 -0.8928
vn -0.5696 0.1249 -0.8124
vn -0.7119 0.0495 -0.7006
vn -0.8264 -0.0276 -0.5624
vn -0.9054 -0.0990 -0.4129
vn 0.9778 0.2091 0.0115
vn 0.9586 0.2283 -0.1700
vn 0.9028 0.2404 -0.3567
vn 0.8120 0.2432 -0.5305
vn 0.6904 0.2368 -0.6836
vn 0.5428 0.2213 -0.8102
vn 0.3749 0.1975 -0.9058
vn 0.1929 0.1662 -0.9670
vn 0.0037 0.1286 -0.9917
vn -0.1859 0.0861 -0.9788
vn -0.3688 0.0403 -0.9286
vn -0.5380 -0.0072 -0.8429
vn -0.6870 -0.0545 -0.7246
vn -0.8092 -0.0996 -0.5790
vn -0.8959 -0.1385 -0.4220
vn 0.9857 0.1682 0.0103
vn 0.9730 0.1538 -0.1722
vn 0.9235 0.1328 -0.3600
vn 0.8383 0.1066 -0.5347
vn 0.7213 0.0764 -0.6884
vn 0.5771 0.0433 -0.8155
vn 0.4112 0.0087 -0.9115
vn 0.2300 -0.0262 -0.9728
vn 0.0400 -0.0602 -0.9974
vn -0.1517 -0.0919 -0.9842
vn -0.3379 -0.1201 -0.9335
vn -0.5117 -0.1438 -0.8470
vn -0.6663 -0.1621 -0.7278
vn -0.7949 -0.1741 -0.5813
vn -0.8881 -0.1794 -0.4232
vn 0.9917 0.1276 0.0170
vn 0.9839 0.0797 -0.1600
vn 0.9392 0.0258 -0.3423
vn 0.8583 -0.0293 -0.5122
vn 0.7448 -0.0832 -0.6621
vn 0.6032 -0.1337 -0.7863
vn 0.4389 -0.1791 -0.8805
vn 0.2582 -0.2176 -0.9413
vn 0.0677 -0.2480 -0.9664
vn -0.1256 -0.2689 -0.9549
vn -0.3144 -0.2797 -0.9072
vn -0.4917 -0.2798 -0.8246
vn -0.6506 -0.2691 -0.7102
vn -0.7839 -0.2482 -0.5690
vn -0.8821 -0.2200 -0.4165
vn 0.9956 0.0887 0.0314
vn 0.9910 0.0088 -0.1338
vn 0.9494 -0.0766 -0.3045
vn 0.8713 -0.1593 -0.4641
vn 0.7600 -0.2358 -0.6056
vn 0.6201 -0.3030 -0.7237
vn 0.4568 -0.3587 -0.8140
vn 0.2764 -0.4007 -0.8735
vn 0.0856 -0.4275 -0.8999
vn -0.1087 -0.4382 -0.8923
vn -0.2992 -0.4322 -0.8507
vn -0.4787 -0.4097 -0.7765
vn -0.6403 -0.3715 -0.6723
vn -0.7769 -0.3191 -0.5428
vn -0.8782 -0.2588 -0.4022
vn 0.9972 0.0532 0.0529
vn 0.9939 -0.0561 -0.0945
vn 0.9537 -0.1703 -0.2478
vn 0.8768 -0.2784 -0.3922
vn 0.7664 -0.3755 -0.5211
vn 0.6271 -0.4581 -0.6299
vn 0.4643 -0.5232 -0.7146
vn 0.2841 -0.5683 -0.7722
vn 0.0931 -0.5920 -0.8005
vn -0.1016 -0.5933 -0.7986
vn -0.2928 -0.5720 -0.7662
vn -0.4733 -0.5288 -0.7045
vn -0.6361 -0.4652 -0.6156
vn -0.7739 -0.3841 -0.5036
vn -0.8766 -0.2944 -0.3807
vn 0.9965 0.0222 0.0807
vn 0.9927 -0.1126 -0.0438
vn 0.9519 -0.2518 -0.1746
vn 0.8744 -0.3819 -0.2992
vn 0.7637 -0.4971 -0.4119
vn 0.6241 -0.5930 -0.5088
vn 0.4611 -0.6662 -0.5861
vn 0.2808 -0.7141 -0.6412
vn 0.0899 -0.7351 -0.6720
vn -0.1046 -0.7281 -0.6774
vn -0.2955 -0.6935 -0.6570
vn -0.4756 -0.6323 -0.6115
vn -0.6379 -0.5467 -0.5424
vn -0.7752 -0.4405 -0.4528
vn -0.8773 -0.3253 -0.3529
vn 0.9935 -0.0029 0.1137
vn 0.9872 -0.1584 0.0165
vn 0.9440 -0.3180 -0.0876
vn 0.8645 -0.4660 -0.1886
vn 0.7520 -0.5957 -0.2822
vn 0.6111 -0.7024 -0.3648
vn 0.4473 -0.7823 -0.4334
vn 0.2668 -0.8325 -0.4856
vn 0.0761 -0.8512 -0.5193
vn -0.1176 -0.8376 -0.5334
vn -0.3072 -0.7922 -0.5273
vn -0.4856 -0.7164 -0.5010
vn -0.6457 -0.6129 -0.4554
vn -0.7806 -0.4864 -0.3926
vn -0.8803 -0.3505 -0.3198
vn 0.9883 -0.0212 0.1507
vn 0.9778 -0.1919 0.0840
vn 0.9305 -0.3663 0.0099
vn 0.8472 -0.5273 -0.0649
vn 0.7317 -0.6677 -0.1369
vn 0.5886 -0.7823 -0.2036
vn 0.4235 -0.8671 -0.2624
vn 0.2425 -0.9189 -0.3113
vn 0.0523 -0.9359 -0.3483
vn -0.1401 -0.9175 -0.3722
vn -0.3275 -0.8642 -0.3820
vn -0.5028 -0.7777 -0.3772
vn -0.6593 -0.6612 -0.3579
vn -0.7900 -0.5198 -0.3251
vn -0.8854 -0.3688 -0.2828
vn 0.9812 -0.0321 0.1902
vn 0.9648 -0.2117 0.1561
vn 0.9117 -0.3948 0.1140
vn 0.8233 -0.5636 0.0674
vn 0.7037 -0.7103 0.0183
vn 0.5575 -0.8296 -0.0313
vn 0.3905 -0.9171 -0.0797
vn 0.2088 -0.9699 -0.1250
vn 0.0193 -0.9860 -0.1656
vn -0.1712 -0.9647 -0.1999
vn -0.3555 -0.9067 -0.2267
vn -0.5267 -0.8140 -0.2450
vn -0.6781 -0.6897 -0.2538
vn -0.8031 -0.5396 -0.2529
vn -0.8926 -0.3796 -0.2433
vn 0.9724 -0.0350 0.2308
vn 0.9487 -0.2170 0.2301
vn 0.8884 -0.4025 0.2208
vn 0.7937 -0.5733 0.2031
vn 0.6690 -0.7218 0.1776
vn 0.5190 -0.8423 0.1454
vn 0.3496 -0.9307 0.1077
vn 0.1672 -0.9837 0.0660
vn -0.0216 -0.9995 0.0219
vn -0.2097 -0.9775 -0.0232
vn -0.3903 -0.9182 -0.0675
vn -0.5563 -0.8238 -0.1093
vn -0.7014 -0.6974 -0.1470
vn -0.8192 -0.5449 -0.1789
vn -0.9014 -0.3826 -0.2028
vn 0.9622 -0.0299 0.2708
vn 0.9300 -0.2077 0.3031
vn 0.7596 -0.5563 0.3370
vn 0.4746 -0.8201 0.3198
vn -0.2542 -0.9553 0.1512
vn -0.5904 -0.8067 0.0246
vn -0.7283 -0.6840 -0.0416
vn -0.8378 -0.5356 -0.1059
vn -0.9116 -0.3775 -0.1627
vn 0.2118 -0.9378 0.2749
vn 0.0253 -0.9724 0.2318
vn 0.9345 -0.1000 0.3416
vn 0.8753 -0.2704 0.4010
vn 0.7809 -0.4362 0.4472
vn 0.6567 -0.5849 0.4761
vn 0.5078 -0.7108 0.4867
vn 0.3399 -0.8094 0.4789
vn 0.1594 -0.8772 0.4528
vn -0.0271 -0.9118 0.4097
vn -0.2126 -0.9119 0.3510
vn -0.3904 -0.8774 0.2789
vn -0.5536 -0.8094 0.1961
vn -0.6961 -0.7102 0.1055
vn -0.8121 -0.5834 0.0106
vn -0.8946 -0.4393 -0.0816
vn 0.2771 -0.8816 0.3820
vn 0.0932 -0.9337 0.3456
vn -0.0941 -0.9505 0.2961
vn 0.8470 -0.3746 0.3771
vn -0.4519 -0.8766 0.1655
vn 0.6073 -0.6801 0.4106
vn 0.9179 -0.0714 0.3902
vn 0.8490 -0.2250 0.4780
vn 0.7457 -0.3753 0.5506
vn 0.6139 -0.5108 0.6018
vn 0.4590 -0.6265 0.6299
vn 0.2871 -0.7180 0.6341
vn 0.1044 -0.7822 0.6142
vn -0.0820 -0.8168 0.5710
vn -0.2655 -0.8205 0.5062
vn -0.4392 -0.7931 0.4221
vn -0.5964 -0.7353 0.3218
vn -0.7313 -0.6493 0.2088
vn -0.8384 -0.5380 0.0876
vn -0.9112 -0.4106 -0.0330
vn -0.7731 -0.6256 0.1050
vn -0.6473 -0.7325 0.2108
vn 0.4005 -0.7234 0.5624
vn 0.5622 -0.6146 0.5534
vn -0.8688 -0.4951 -0.0044
vn 0.2239 -0.8046 0.5500
vn -0.9278 -0.3579 -0.1053
vn 0.0390 -0.8552 0.5168
vn 0.9446 -0.0106 0.3280
vn -0.1473 -0.8734 0.4641
vn 0.8991 -0.1672 0.4047
vn -0.3283 -0.8586 0.3938
vn 0.8167 -0.3307 0.4729
vn -0.4971 -0.8111 0.3083
vn 0.7027 -0.4821 0.5232
vn 0.9013 -0.0335 0.4320
vn 0.8226 -0.1650 0.5441
vn 0.7102 -0.2948 0.6393
vn 0.5707 -0.4129 0.7098
vn 0.4099 -0.5149 0.7529
vn 0.2338 -0.5971 0.7674
vn 0.0491 -0.6565 0.7527
vn -0.1374 -0.6911 0.7096
vn -0.3188 -0.6996 0.6395
vn -0.4883 -0.6815 0.5451
vn -0.6396 -0.6374 0.4297
vn -0.7668 -0.5687 0.2976
vn -0.8648 -0.4780 0.1537
vn -0.9279 -0.3728 0.0088
vn 0.8775 -0.1240 0.4633
vn 0.9326 0.0134 0.3606
vn -0.3798 -0.7556 0.5338
vn -0.2019 -0.7641 0.6126
vn 0.7856 -0.2684 0.5575
vn -0.5435 -0.7182 0.4345
vn 0.6632 -0.4030 0.6307
vn -0.6868 -0.6534 0.3183
vn 0.5157 -0.5218 0.6796
vn -0.8042 -0.5633 0.1897
vn 0.3490 -0.6204 0.7024
vn -0.8904 -0.4520 0.0542
vn 0.1693 -0.6953 0.6985
vn -0.9398 -0.3339 -0.0727
vn -0.0166 -0.7438 0.6682
vn 0.8851 0.0122 0.4653
vn 0.7970 -0.0927 0.5968
vn 0.6758 -0.1976 0.7101
vn 0.5289 -0.2947 0.7959
vn 0.3622 -0.3803 0.8510
vn 0.1821 -0.4512 0.8736
vn -0.0046 -0.5049 0.8632
vn -0.1911 -0.5395 0.8200
vn -0.3704 -0.5537 0.7458
vn -0.5360 -0.5469 0.6432
vn -0.6814 -0.5192 0.5158
vn -0.8012 -0.4716 0.3684
vn -0.8904 -0.4057 0.2064
vn -0.9441 -0.3271 0.0421
vn 0.2981 -0.4909 0.8187
vn 0.4698 -0.4051 0.7843
vn -0.9117 -0.3978 0.1029
vn -0.8350 -0.4850 0.2599
vn 0.1153 -0.5579 0.8218
vn -0.9517 -0.3037 -0.0456
vn -0.0717 -0.6038 0.7939
vn 0.9208 0.0436 0.3877
vn -0.2560 -0.6268 0.7360
vn 0.8562 -0.0698 0.5119
vn -0.4307 -0.6261 0.6500
vn 0.7548 -0.1901 0.6278
vn -0.5894 -0.6015 0.5393
vn 0.6241 -0.3035 0.7200
vn -0.7259 -0.5540 0.4076
vn 0.8700 0.0640 0.4888
vn 0.7732 -0.0108 0.6341
vn 0.6438 -0.0876 0.7602
vn 0.4900 -0.1609 0.8567
vn 0.3179 -0.2279 0.9203
vn 0.1341 -0.2860 0.9488
vn -0.0545 -0.3332 0.9413
vn -0.2410 -0.3678 0.8981
vn -0.4185 -0.3885 0.8209
vn -0.5803 -0.3945 0.7125
vn -0.7203 -0.3854 0.5767
vn -0.8332 -0.3616 0.4184
vn -0.9142 -0.3238 0.2437
vn -0.9591 -0.2753 0.0656
vn -0.4791 -0.4751 0.7381
vn -0.3073 -0.4667 0.8293
vn 0.7256 -0.0989 0.6810
vn 0.8359 -0.0066 0.5488
vn -0.6330 -0.4655 0.6186
vn 0.5870 -0.1877 0.7876
vn -0.7631 -0.4381 0.4752
vn 0.4263 -0.2690 0.8637
vn -0.8642 -0.3938 0.3132
vn 0.2497 -0.3399 0.9067
vn -0.9320 -0.3346 0.1398
vn 0.0640 -0.3978 0.9152
vn -0.9629 -0.2686 -0.0251
vn -0.1240 -0.4406 0.8891
vn 0.9095 0.0787 0.4082
vn 0.9327 0.1591 0.3237
vn 0.8567 0.1198 0.5017
vn 0.7521 0.0776 0.6545
vn 0.6154 0.0310 0.7876
vn 0.4555 -0.0166 0.8901
vn 0.2786 -0.0635 0.9583
vn 0.0915 -0.1079 0.9899
vn -0.0988 -0.1481 0.9840
vn -0.2852 -0.1827 0.9409
vn -0.4610 -0.2104 0.8621
vn -0.6195 -0.2301 0.7505
vn -0.7548 -0.2411 0.6100
vn -0.8615 -0.2430 0.4458
vn -0.9353 -0.2354 0.2641
vn -0.9724 -0.2195 0.0785
vn -0.9504 -0.2648 0.1634
vn -0.8908 -0.2931 0.3473
vn 0.0173 -0.2211 0.9751
vn 0.2057 -0.1733 0.9631
vn -0.9732 -0.2298 -0.0119
vn -0.1715 -0.2604 0.9501
vn 0.8993 0.1175 0.4213
vn -0.3539 -0.2900 0.8892
vn 0.8175 0.0631 0.5724
vn -0.5230 -0.3085 0.7945
vn 0.6990 0.0018 0.7151
vn -0.6726 -0.3153 0.6695
vn 0.5532 -0.0597 0.8309
vn -0.7968 -0.3102 0.5185
vn 0.3866 -0.1189 0.9145
vn 0.8456 0.1775 0.5035
vn 0.7345 0.1690 0.6573
vn 0.5918 0.1537 0.7913
vn 0.4268 0.1326 0.8946
vn 0.2459 0.1065 0.9634
vn 0.0561 0.0764 0.9955
vn -0.1356 0.0434 0.9898
vn -0.3221 0.0088 0.9467
vn -0.4965 -0.0261 0.8677
vn -0.6523 -0.0601 0.7556
vn -0.7835 -0.0919 0.6145
vn -0.8851 -0.1202 0.4495
vn -0.9529 -0.1440 0.2668
vn -0.9836 -0.1618 0.0802
vn -0.7067 -0.1568 0.6899
vn -0.5609 -0.1326 0.8172
vn 0.5241 0.0753 0.8483
vn 0.6761 0.1081 0.7288
vn -0.8259 -0.1751 0.5359
vn 0.3525 0.0396 0.9350
vn -0.9137 -0.1868 0.3610
vn 0.1679 0.0026 0.9858
vn -0.9662 -0.1912 0.1729
vn -0.0228 -0.0346 0.9991
vn -0.9820 -0.1888 -0.0066
vn -0.2125 -0.0703 0.9746
vn 0.8904 0.1585 0.4266
vn -0.3941 -0.1034 0.9132
vn 0.8017 0.1367 0.5819
vn 0.8371 0.2349 0.4940
vn 0.7211 0.2599 0.6423
vn 0.5738 0.2758 0.7711
vn 0.4049 0.2811 0.8701
vn 0.2210 0.2756 0.9355
vn 0.0291 0.2597 0.9653
vn -0.1637 0.2339 0.9584
vn -0.3502 0.1993 0.9152
vn -0.5235 0.1572 0.8374
vn -0.6772 0.1090 0.7277
vn -0.8054 0.0566 0.5900
vn -0.9031 0.0018 0.4294
vn -0.9663 -0.0531 0.2518
vn -0.9920 -0.1043 0.0708
vn -0.9891 -0.1473 -0.0094
vn -0.9789 -0.1165 0.1679
vn -0.2452 0.1225 0.9617
vn -0.0550 0.1546 0.9864
vn 0.8834 0.2001 0.4238
vn -0.4262 0.0858 0.9005
vn 0.7890 0.2114 0.5769
vn -0.5912 0.0457 0.8052
vn 0.6578 0.2159 0.7216
vn -0.7340 0.0039 0.6791
vn 0.5009 0.2122 0.8391
vn -0.8492 -0.0382 0.5267
vn 0.3252 0.2004 0.9242
vn -0.9320 -0.0789 0.3537
vn 0.1375 0.1809 0.9738
vn 0.8316 0.2899 0.4737
vn 0.7124 0.3468 0.6101
vn 0.5622 0.3925 0.7279
vn 0.3908 0.4230 0.8175
vn 0.2049 0.4373 0.8757
vn 0.0116 0.4349 0.9004
vn -0.1819 0.4161 0.8909
vn -0.3684 0.3815 0.8478
vn -0.5410 0.3324 0.7725
vn -0.6933 0.2707 0.6678
vn -0.8196 0.1985 0.5375
vn -0.9148 0.1186 0.3862
vn -0.9750 0.0338 0.2197
vn -0.9975 -0.0494 0.0504
vn 0.4843 0.3458 0.8037
vn 0.6447 0.3211 0.6937
vn -0.8658 0.0954 0.4913
vn -0.7535 0.1607 0.6375
vn 0.3057 0.3572 0.8826
vn -0.9451 0.0262 0.3258
vn 0.1159 0.3549 0.9277
vn -0.9879 -0.0437 0.1485
vn -0.0779 0.3392 0.9375
vn -0.9941 -0.1067 -0.0202
vn -0.2686 0.3107 0.9118
vn 0.8784 0.2406 0.4130
vn -0.4491 0.2704 0.8516
vn 0.7799 0.2843 0.5576
vn -0.6128 0.2198 0.7591
vn 0.8293 0.3401 0.4433
vn 0.7088 0.4264 0.5620
vn 0.5573 0.4994 0.6633
vn 0.3848 0.5531 0.7389
vn 0.1981 0.5854 0.7861
vn 0.0042 0.5955 0.8034
vn -0.1895 0.5829 0.7901
vn -0.3760 0.5483 0.7470
vn -0.5483 0.4930 0.6755
vn -0.7001 0.4188 0.5783
vn -0.8255 0.3286 0.4589
vn -0.9196 0.2255 0.3216
vn -0.9786 0.1134 0.1715
vn -0.9998 0.0009 0.0201
vn -0.2816 0.4869 0.8268
vn -0.0907 0.5121 0.8541
vn 0.8755 0.2785 0.3947
vn -0.9969 -0.0688 -0.0385
vn -0.4619 0.4432 0.7682
vn 0.7749 0.3525 0.5247
vn -0.6249 0.3827 0.6805
vn 0.6374 0.4196 0.6462
vn -0.7644 0.3076 0.5667
vn 0.4750 0.4709 0.7433
vn -0.8750 0.2205 0.4310
vn 0.2949 0.5041 0.8118
vn -0.9523 0.1247 0.2784
vn 0.1039 0.5179 0.8491
vn -0.9930 0.0246 0.1156
vn 0.8303 0.3839 0.4040
vn 0.7103 0.4957 0.4997
vn 0.5594 0.5924 0.5798
vn 0.3874 0.6661 0.6373
vn 0.2010 0.7142 0.6704
vn 0.0074 0.7351 0.6779
vn -0.1863 0.7281 0.6597
vn -0.3727 0.6935 0.6166
vn -0.5452 0.6326 0.5501
vn -0.6972 0.5476 0.4626
vn -0.8230 0.4416 0.3573
vn -0.9176 0.3184 0.2380
vn -0.9771 0.1827 0.1093
vn -0.9988 0.0446 -0.0192
vn -0.8766 0.3324 0.3481
vn -0.7662 0.4389 0.4694
vn 0.2930 0.6353 0.7145
vn 0.4735 0.5828 0.6605
vn -0.9536 0.2128 0.2131
vn 0.1019 0.6636 0.7411
vn -0.9938 0.0855 0.0705
vn -0.0928 0.6666 0.7396
vn -0.9974 -0.0348 -0.0636
vn -0.2838 0.6443 0.7101
vn 0.8751 0.3125 0.3696
vn -0.4641 0.5977 0.6537
vn 0.7740 0.4135 0.4795
vn -0.6269 0.5284 0.5725
vn 0.6362 0.5077 0.5809
vn 0.8345 0.4194 0.3573
vn 0.7170 0.5519 0.4258
vn 0.5684 0.6679 0.4805
vn 0.3983 0.7579 0.5166
vn 0.2134 0.8188 0.5329
vn 0.0208 0.8484 0.5289
vn -0.1723 0.8459 0.5048
vn -0.3587 0.8113 0.4617
vn -0.5317 0.7459 0.4010
vn -0.6848 0.6522 0.3251
vn -0.8121 0.5334 0.2366
vn -0.9086 0.3939 0.1388
vn -0.9704 0.2389 0.0354
vn -0.9946 0.0801 -0.0659
vn 0.8769 0.3411 0.3386
vn -0.9955 -0.0062 -0.0947
vn -0.4555 0.7279 0.5125
vn -0.2751 0.7771 0.5661
vn 0.7774 0.4649 0.4237
vn -0.6189 0.6512 0.4393
vn 0.6411 0.5819 0.5004
vn -0.7589 0.5495 0.3494
vn 0.4797 0.6770 0.5582
vn -0.8704 0.4266 0.2458
vn 0.3003 0.7460 0.5944
vn -0.9487 0.2870 0.1326
vn 0.1099 0.7863 0.6079
vn -0.9905 0.1369 0.0147
vn -0.0843 0.7968 0.5983
vn 0.8418 0.4453 0.3050
vn 0.7286 0.5929 0.3430
vn 0.5839 0.7230 0.3694
vn 0.4171 0.8249 0.3814
vn 0.2349 0.8951 0.3789
vn 0.0441 0.9311 0.3620
vn -0.1481 0.9318 0.3314
vn -0.3345 0.8972 0.2882
vn -0.5085 0.8286 0.2341
vn -0.6633 0.7285 0.1711
vn -0.7932 0.6004 0.1014
vn -0.8931 0.4490 0.0276
vn -0.9589 0.2799 -0.0474
vn -0.9873 0.1060 -0.1182
vn 0.3163 0.8317 0.4563
vn 0.4933 0.7501 0.4405
vn -0.9379 0.3445 0.0399
vn -0.8567 0.4996 0.1281
vn 0.1277 0.8815 0.4546
vn -0.9830 0.1768 -0.0495
vn -0.0654 0.8977 0.4357
vn -0.9913 0.0159 -0.1304
vn -0.2558 0.8799 0.4003
vn 0.8811 0.3632 0.3029
vn -0.4366 0.8288 0.3498
vn 0.7849 0.5047 0.3595
vn -0.6010 0.7463 0.2860
vn 0.6519 0.6394 0.4077
vn -0.7429 0.6352 0.2112
vn 0.8519 0.4606 0.2491
vn 0.7445 0.6172 0.2546
vn 0.6053 0.7555 0.2506
vn 0.4432 0.8645 0.2370
vn 0.2646 0.9402 0.2144
vn 0.0763 0.9800 0.1836
vn -0.1146 0.9826 0.1460
vn -0.3011 0.9480 0.1028
vn -0.4763 0.8775 0.0558
vn -0.6336 0.7736 0.0065
vn -0.7671 0.6400 -0.0431
vn -0.8717 0.4816 -0.0911
vn -0.9429 0.3042 -0.1358
vn -0.9772 0.1213 -0.1741
vn -0.4081 0.8966 0.1721
vn -0.2267 0.9490 0.2192
vn 0.7961 0.5314 0.2894
vn 0.8874 0.3781 0.2638
vn -0.5741 0.8102 0.1184
vn 0.6681 0.6780 0.3065
vn -0.7186 0.6928 0.0602
vn 0.5140 0.7991 0.3118
vn -0.8360 0.5487 -0.0005
vn 0.3406 0.8893 0.3053
vn -0.9217 0.3831 -0.0614
vn 0.1547 0.9453 0.2871
vn -0.9717 0.2035 -0.1196
vn -0.0368 0.9654 0.2580
vn -0.9851 0.0308 -0.1694
vn 0.8644 0.4648 0.1918
vn 0.7643 0.6237 0.1638
vn 0.6319 0.7643 0.1287
vn 0.4755 0.8752 0.0888
vn 0.3014 0.9524 0.0456
vn 0.1162 0.9932 0.0007
vn -0.0732 0.9963 -0.0442
vn -0.2596 0.9618 -0.0873
vn -0.4364 0.8907 -0.1272
vn -0.5968 0.7858 -0.1623
vn -0.7348 0.6507 -0.1912
vn -0.8451 0.4904 -0.2130
vn -0.9231 0.3107 -0.2266
vn -0.9647 0.1255 -0.2314
vn -0.9005 0.4013 -0.1674
vn -0.8092 0.5718 -0.1351
vn 0.1896 0.9755 0.1117
vn 0.3721 0.9164 0.1472
vn -0.9571 0.2161 -0.1930
vn 0.0003 0.9974 0.0720
vn -0.9769 0.0378 -0.2102
vn -0.1889 0.9815 0.0296
vn 0.8955 0.3851 0.2230
vn -0.3710 0.9285 -0.0139
vn 0.8108 0.5440 0.2160
vn -0.5391 0.8403 -0.0569
vn 0.6893 0.6962 0.2005
vn -0.6871 0.7200 -0.0978
vn 0.5409 0.8222 0.1772
vn 0.8788 0.4576 0.1352
vn 0.7871 0.6123 0.0743
vn 0.6625 0.7490 0.0085
vn 0.5128 0.8566 -0.0574
vn 0.3439 0.9312 -0.1210
vn 0.1622 0.9702 -0.1798
vn -0.0253 0.9724 -0.2318
vn -0.2118 0.9378 -0.2749
vn -0.3903 0.8677 -0.3077
vn -0.5543 0.7646 -0.3288
vn -0.6976 0.6321 -0.3375
vn -0.8144 0.4750 -0.3332
vn -0.9003 0.2993 -0.3161
vn -0.9503 0.1183 -0.2880
vn -0.4974 0.8355 -0.2333
vn -0.3267 0.9235 -0.2010
vn 0.7145 0.6933 0.0939
vn 0.8282 0.5420 0.1421
vn -0.6495 0.7157 -0.2568
vn 0.5729 0.8186 0.0418
vn -0.7772 0.5682 -0.2706
vn 0.4097 0.9121 -0.0117
vn -0.8753 0.3984 -0.2740
vn 0.2313 0.9707 -0.0647
vn -0.9396 0.2141 -0.2669
vn 0.0445 0.9924 -0.1151
vn -0.9672 0.0367 -0.2513
vn -0.1438 0.9764 -0.1611
vn 0.9052 0.3840 0.1819
vn 0.8946 0.4393 0.0816
vn 0.8121 0.5834 -0.0106
vn 0.6961 0.7102 -0.1055
vn 0.5536 0.8094 -0.1961
vn 0.3904 0.8774 -0.2789
vn 0.2126 0.9119 -0.3510
vn 0.0271 0.9118 -0.4097
vn -0.1594 0.8772 -0.4528
vn -0.3399 0.8094 -0.4789
vn -0.5078 0.7108 -0.4867
vn -0.6567 0.5849 -0.4761
vn -0.7809 0.4362 -0.4472
vn -0.8753 0.2704 -0.4010
vn -0.9345 0.1000 -0.3416
vn -0.9200 0.1976 -0.3383
vn -0.8470 0.3746 -0.3771
vn 0.0941 0.9505 -0.2961
vn 0.2781 0.9313 -0.2354
vn -0.9563 0.0275 -0.2911
vn -0.0932 0.9337 -0.3456
vn 0.9161 0.3748 0.1422
vn -0.2771 0.8816 -0.3820
vn 0.8478 0.5255 0.0707
vn -0.4506 0.7961 -0.4040
vn 0.7428 0.6695 -0.0093
vn -0.6073 0.6801 -0.4106
vn 0.6088 0.7883 -0.0892
vn -0.7412 0.5379 -0.4016
vn 0.4519 0.8766 -0.1655
vn 0.9112 0.4106 0.0330
vn 0.8384 0.5380 -0.0876
vn 0.7313 0.6493 -0.2088
vn 0.5964 0.7353 -0.3218
vn 0.4392 0.7931 -0.4221
vn 0.2655 0.8205 -0.5062
vn 0.0820 0.8168 -0.5710
vn -0.1044 0.7822 -0.6142
vn -0.2871 0.7180 -0.6341
vn -0.4590 0.6265 -0.6299
vn -0.6139 0.5108 -0.6018
vn -0.7457 0.3753 -0.5506
vn -0.8490 0.2250 -0.4780
vn -0.9179 0.0714 -0.3902
vn 0.7731 0.6256 -0.1050
vn 0.8688 0.4951 0.0044
vn -0.5622 0.6146 -0.5534
vn -0.4005 0.7234 -0.5624
vn 0.6473 0.7325 -0.2108
vn -0.7027 0.4821 -0.5232
vn 0.4971 0.8111 -0.3083
vn -0.8167 0.3307 -0.4729
vn 0.3283 0.8586 -0.3938
vn -0.8991 0.1672 -0.4047
vn 0.1473 0.8734 -0.4641
vn -0.9446 0.0106 -0.3280
vn -0.0390 0.8552 -0.5168
vn 0.9278 0.3579 0.1053
vn -0.2239 0.8046 -0.5500
vn 0.9279 0.3728 -0.0088
vn 0.8648 0.4780 -0.1537
vn 0.7668 0.5687 -0.2976
vn 0.6396 0.6374 -0.4297
vn 0.4883 0.6815 -0.5451
vn 0.3188 0.6996 -0.6395
vn 0.1374 0.6911 -0.7096
vn -0.0491 0.6565 -0.7527
vn -0.2338 0.5971 -0.7674
vn -0.4099 0.5149 -0.7529
vn -0.5707 0.4129 -0.7098
vn -0.7102 0.2948 -0.6393
vn -0.8226 0.1650 -0.5441
vn -0.9013 0.0335 -0.4320
vn 0.2019 0.7641 -0.6126
vn 0.3798 0.7556 -0.5338
vn -0.9326 -0.0134 -0.3606
vn -0.8775 0.1240 -0.4633
vn 0.0166 0.7438 -0.6682
vn 0.9398 0.3339 0.0727
vn -0.1693 0.6953 -0.6985
vn 0.8904 0.4520 -0.0542
vn -0.3490 0.6204 -0.7024
vn 0.8042 0.5633 -0.1897
vn -0.5157 0.5218 -0.6796
vn 0.6868 0.6534 -0.3183
vn -0.6632 0.4030 -0.6307
vn 0.5435 0.7182 -0.4345
vn -0.7856 0.2684 -0.5575
vn 0.9441 0.3271 -0.0421
vn 0.8904 0.4057 -0.2064
vn 0.8012 0.4716 -0.3684
vn 0.6814 0.5192 -0.5158
vn 0.5360 0.5469 -0.6432
vn 0.3704 0.5537 -0.7458
vn 0.1911 0.5395 -0.8200
vn 0.0046 0.5049 -0.8632
vn -0.1821 0.4512 -0.8736
vn -0.3622 0.3803 -0.8510
vn -0.5289 0.2947 -0.7959
vn -0.6758 0.1976 -0.7101
vn -0.7970 0.0927 -0.5968
vn -0.8851 -0.0122 -0.4653
vn -0.9428 -0.1209 -0.3107
vn -0.4698 0.4051 -0.7843
vn -0.2981 0.4909 -0.8187
vn 0.7259 0.5540 -0.4076
vn 0.8350 0.4850 -0.2599
vn -0.6241 0.3035 -0.7200
vn 0.5894 0.6015 -0.5393
vn -0.7548 0.1901 -0.6278
vn 0.4307 0.6261 -0.6500
vn -0.8562 0.0698 -0.5119
vn 0.2560 0.6268 -0.7360
vn -0.9208 -0.0436 -0.3877
vn 0.0717 0.6038 -0.7939
vn 0.9517 0.3037 0.0456
vn -0.1153 0.5579 -0.8218
vn 0.9117 0.3978 -0.1029
vn 0.9591 0.2753 -0.0656
vn 0.9142 0.3238 -0.2437
vn 0.8332 0.3616 -0.4184
vn 0.7203 0.3854 -0.5767
vn 0.5803 0.3945 -0.7125
vn 0.4185 0.3885 -0.8209
vn 0.2410 0.3678 -0.8981
vn 0.0545 0.3332 -0.9413
vn -0.1341 0.2860 -0.9488
vn -0.3179 0.2279 -0.9203
vn -0.4900 0.1609 -0.8567
vn -0.6438 0.0876 -0.7602
vn -0.7732 0.0108 -0.6341
vn -0.8700 -0.0640 -0.4888
vn -0.9095 -0.0787 -0.4082
vn -0.8359 0.0066 -0.5488
vn 0.1240 0.4406 -0.8891
vn 0.3073 0.4667 -0.8293
vn 0.9629 0.2686 0.0251
vn -0.0640 0.3978 -0.9152
vn 0.9320 0.3346 -0.1398
vn -0.2497 0.3399 -0.9067
vn 0.8642 0.3938 -0.3132
vn -0.4263 0.2690 -0.8637
vn 0.7631 0.4381 -0.4752
vn -0.5870 0.1877 -0.7876
vn 0.6330 0.4655 -0.6186
vn -0.7256 0.0989 -0.6810
vn 0.4791 0.4751 -0.7381
vn 0.9724 0.2195 -0.0785
vn 0.9353 0.2354 -0.2641
vn 0.8615 0.2430 -0.4458
vn 0.7548 0.2411 -0.6100
vn 0.6195 0.2301 -0.7505
vn 0.4610 0.2104 -0.8621
vn 0.2852 0.1827 -0.9409
vn 0.0988 0.1481 -0.9840
vn -0.0915 0.1079 -0.9899
vn -0.2786 0.0635 -0.9583
vn -0.4555 0.0166 -0.8901
vn -0.6154 -0.0310 -0.7876
vn -0.7521 -0.0776 -0.6545
vn -0.8567 -0.1198 -0.5017
vn 0.7968 0.3102 -0.5185
vn 0.8908 0.2931 -0.3473
vn -0.5532 0.0597 -0.8309
vn -0.3866 0.1189 -0.9145
vn 0.6726 0.3153 -0.6695
vn -0.6990 -0.0018 -0.7151
vn 0.5230 0.3085 -0.7945
vn -0.8175 -0.0631 -0.5724
vn 0.3539 0.2900 -0.8892
vn -0.8993 -0.1175 -0.4213
vn 0.1715 0.2604 -0.9501
vn 0.9732 0.2298 0.0119
vn -0.0173 0.2211 -0.9751
vn 0.9504 0.2648 -0.1634
vn -0.2057 0.1733 -0.9631
vn 0.9836 0.1618 -0.0802
vn 0.9529 0.1440 -0.2668
vn 0.8851 0.1202 -0.4495
vn 0.7835 0.0919 -0.6145
vn 0.6523 0.0601 -0.7556
vn 0.4965 0.0261 -0.8677
vn 0.3221 -0.0088 -0.9467
vn 0.1356 -0.0434 -0.9898
vn -0.0561 -0.0764 -0.9955
vn -0.2459 -0.1065 -0.9634
vn -0.4268 -0.1326 -0.8946
vn -0.5918 -0.1537 -0.7913
vn -0.7345 -0.1690 -0.6573
vn -0.8456 -0.1775 -0.5035
vn 0.2125 0.0703 -0.9746
vn 0.3941 0.1034 -0.9132
vn 0.9820 0.1888 0.0066
vn -0.8904 -0.1585 -0.4266
vn 0.0228 0.0346 -0.9991
vn 0.9662 0.1912 -0.1729
vn -0.1679 -0.0026 -0.9858
vn 0.9137 0.1868 -0.3610
vn -0.3525 -0.0396 -0.9350
vn 0.8259 0.1751 -0.5359
vn -0.5241 -0.0753 -0.8483
vn 0.7067 0.1568 -0.6899
vn -0.6761 -0.1081 -0.7288
vn 0.5609 0.1326 -0.8172
vn -0.8017 -0.1367 -0.5819
vn 0.9920 0.1043 -0.0708
vn 0.9663 0.0531 -0.2518
vn 0.9031 -0.0018 -0.4294
vn 0.8054 -0.0566 -0.5900
vn 0.6772 -0.1090 -0.7277
vn 0.5235 -0.1572 -0.8374
vn 0.3502 -0.1993 -0.9152
vn 0.1637 -0.2339 -0.9584
vn -0.0291 -0.2597 -0.9653
vn -0.2210 -0.2756 -0.9355
vn -0.4049 -0.2811 -0.8701
vn -0.5738 -0.2758 -0.7711
vn -0.7211 -0.2599 -0.6423
vn -0.8371 -0.2349 -0.4940
vn -0.5009 -0.2122 -0.8391
vn -0.3252 -0.2004 -0.9242
vn 0.7340 -0.0039 -0.6791
vn 0.8492 0.0382 -0.5267
vn -0.6578 -0.2160 -0.7216
vn 0.5912 -0.0457 -0.8052
vn -0.7890 -0.2114 -0.5769
vn 0.4262 -0.0858 -0.9005
vn -0.8834 -0.2001 -0.4238
vn 0.2452 -0.1225 -0.9617
vn 0.9891 0.1473 0.0094
vn 0.0550 -0.1546 -0.9864
vn 0.9789 0.1165 -0.1679
vn -0.1375 -0.1809 -0.9738
vn 0.9320 0.0789 -0.3537
vn 0.9975 0.0494 -0.0504
vn 0.9750 -0.0338 -0.2197
vn 0.9148 -0.1186 -0.3862
vn 0.8196 -0.1985 -0.5375
vn 0.6933 -0.2707 -0.6678
vn 0.5410 -0.3324 -0.7725
vn 0.3684 -0.3815 -0.8478
vn 0.1819 -0.4161 -0.8909
vn -0.0116 -0.4349 -0.9004
vn -0.2049 -0.4373 -0.8757
vn -0.3908 -0.4230 -0.8175
vn -0.5622 -0.3925 -0.7279
vn -0.7124 -0.3468 -0.6101
vn -0.8316 -0.2899 -0.4737
vn -0.8784 -0.2406 -0.4130
vn 0.0779 -0.3392 -0.9375
vn 0.2686 -0.3107 -0.9118
vn 0.9879 0.0437 -0.1485
vn 0.9941 0.1067 0.0202
vn -0.1159 -0.3549 -0.9277
vn 0.9451 -0.0262 -0.3258
vn -0.3057 -0.3572 -0.8826
vn 0.8658 -0.0954 -0.4913
vn -0.4843 -0.3458 -0.8037
vn 0.7535 -0.1607 -0.6375
vn -0.6447 -0.3211 -0.6937
vn 0.6128 -0.2198 -0.7591
vn -0.7799 -0.2843 -0.5576
vn 0.4491 -0.2704 -0.8516
vn 0.9998 -0.0009 -0.0201
vn 0.9786 -0.1134 -0.1715
vn 0.9196 -0.2255 -0.3216
vn 0.8255 -0.3286 -0.4589
vn 0.7001 -0.4188 -0.5783
vn 0.5483 -0.4930 -0.6755
vn 0.3760 -0.5483 -0.7470
vn 0.1895 -0.5829 -0.7901
vn -0.0042 -0.5955 -0.8034
vn -0.1981 -0.5854 -0.7861
vn -0.3848 -0.5531 -0.7389
vn -0.5573 -0.4994 -0.6633
vn -0.7088 -0.4264 -0.5620
vn -0.8293 -0.3401 -0.4433
vn -0.6374 -0.4196 -0.6462
vn -0.4750 -0.4709 -0.7433
vn 0.6249 -0.3827 -0.6805
vn 0.7644 -0.3076 -0.5667
vn -0.7749 -0.3525 -0.5247
vn 0.4619 -0.4432 -0.7682
vn -0.8755 -0.2785 -0.3948
vn 0.2816 -0.4869 -0.8268
vn 0.9969 0.0688 0.0385
vn 0.0907 -0.5121 -0.8541
vn 0.9930 -0.0246 -0.1156
vn -0.1039 -0.5179 -0.8491
vn 0.9523 -0.1247 -0.2784
vn -0.2949 -0.5041 -0.8118
vn 0.8750 -0.2205 -0.4310
vn 0.9988 -0.0446 0.0192
vn 0.9771 -0.1827 -0.1093
vn 0.9176 -0.3184 -0.2380
vn 0.8230 -0.4416 -0.3573
vn 0.6972 -0.5476 -0.4626
vn 0.5452 -0.6326 -0.5501
vn 0.3727 -0.6935 -0.6166
vn 0.1863 -0.7281 -0.6597
vn -0.0074 -0.7351 -0.6779
vn -0.2010 -0.7142 -0.6704
vn -0.3874 -0.6661 -0.6373
vn -0.5594 -0.5924 -0.5798
vn -0.7103 -0.4957 -0.4997
vn -0.8303 -0.3839 -0.4040
vn 0.9938 -0.0855 -0.0705
vn 0.9974 0.0348 0.0636
vn -0.1019 -0.6636 -0.7411
vn 0.0928 -0.6666 -0.7396
vn 0.9536 -0.2128 -0.2131
vn -0.2930 -0.6353 -0.7145
vn 0.8766 -0.3324 -0.3481
vn -0.4735 -0.5828 -0.6605
vn 0.7662 -0.4389 -0.4694
vn -0.6362 -0.5077 -0.5809
vn 0.6269 -0.5284 -0.5725
vn -0.7740 -0.4135 -0.4795
vn 0.4641 -0.5977 -0.6537
vn -0.8751 -0.3125 -0.3696
vn 0.2838 -0.6443 -0.7101
vn 0.9946 -0.0801 0.0659
vn 0.9704 -0.2389 -0.0354
vn 0.9086 -0.3939 -0.1388
vn 0.8121 -0.5334 -0.2366
vn 0.6848 -0.6522 -0.3251
vn 0.5317 -0.7459 -0.4010
vn 0.3587 -0.8113 -0.4617
vn 0.1723 -0.8459 -0.5048
vn -0.0208 -0.8484 -0.5289
vn -0.2134 -0.8188 -0.5329
vn -0.3983 -0.7579 -0.5166
vn -0.5684 -0.6679 -0.4805
vn -0.7170 -0.5519 -0.4258
vn -0.8345 -0.4194 -0.3573
vn 0.6189 -0.6512 -0.4393
vn 0.7589 -0.5495 -0.3494
vn -0.7774 -0.4649 -0.4237
vn -0.6411 -0.5819 -0.5004
vn 0.4555 -0.7279 -0.5125
vn -0.8769 -0.3411 -0.3386
vn 0.2751 -0.7771 -0.5661
vn 0.9955 0.0063 0.0947
vn 0.0843 -0.7968 -0.5983
vn 0.9905 -0.1369 -0.0147
vn -0.1099 -0.7863 -0.6079
vn 0.9487 -0.2870 -0.1326
vn -0.3003 -0.7460 -0.5944
vn 0.8704 -0.4266 -0.2458
vn -0.4797 -0.6770 -0.5582
vn 0.9873 -0.1060 0.1182
vn 0.9589 -0.2799 0.0474
vn 0.8931 -0.4490 -0.0276
vn 0.7932 -0.6004 -0.1014
vn 0.6633 -0.7285 -0.1711
vn 0.5085 -0.8286 -0.2341
vn 0.3345 -0.8972 -0.2882
vn 0.1481 -0.9318 -0.3314
vn -0.0441 -0.9311 -0.3620
vn -0.2349 -0.8951 -0.3789
vn -0.4171 -0.8249 -0.3814
vn -0.5839 -0.7230 -0.3694
vn -0.7286 -0.5929 -0.3430
vn -0.8418 -0.4453 -0.3050
vn -0.1277 -0.8815 -0.4546
vn 0.0654 -0.8977 -0.4357
vn 0.9379 -0.3445 -0.0399
vn 0.9830 -0.1768 0.0495
vn -0.3163 -0.8317 -0.4563
vn 0.8567 -0.4996 -0.1281
vn -0.4933 -0.7501 -0.4405
vn 0.7429 -0.6352 -0.2112
vn -0.6519 -0.6394 -0.4077
vn 0.6010 -0.7463 -0.2860
vn -0.7849 -0.5047 -0.3595
vn 0.4366 -0.8288 -0.3498
vn -0.8811 -0.3632 -0.3029
vn 0.2558 -0.8799 -0.4003
vn 0.9913 -0.0159 0.1304
vn 0.9772 -0.1213 0.1741
vn 0.9429 -0.3042 0.1358
vn 0.8717 -0.4816 0.0911
vn 0.7671 -0.6400 0.0431
vn 0.6336 -0.7736 -0.0065
vn 0.4763 -0.8775 -0.0558
vn 0.3011 -0.9480 -0.1028
vn 0.1146 -0.9826 -0.1460
vn -0.0763 -0.9800 -0.1836
vn -0.2646 -0.9402 -0.2144
vn -0.4432 -0.8645 -0.2370
vn -0.6053 -0.7555 -0.2506
vn -0.7445 -0.6172 -0.2546
vn -0.8519 -0.4606 -0.2491
vn -0.7961 -0.5314 -0.2894
vn -0.6681 -0.6780 -0.3065
vn 0.4081 -0.8966 -0.1721
vn 0.5741 -0.8102 -0.1184
vn -0.8874 -0.3781 -0.2638
vn 0.2267 -0.9490 -0.2192
vn 0.9851 -0.0308 0.1694
vn 0.0368 -0.9654 -0.2580
vn 0.9717 -0.2035 0.1196
vn -0.1547 -0.9453 -0.2871
vn 0.9217 -0.3831 0.0614
vn -0.3406 -0.8893 -0.3053
vn 0.8360 -0.5487 0.0005
vn -0.5140 -0.7991 -0.3118
vn 0.7186 -0.6928 -0.0602
vn 0.9647 -0.1255 0.2314
vn 0.9231 -0.3107 0.2266
vn 0.8451 -0.4904 0.2130
vn 0.7348 -0.6507 0.1912
vn 0.5968 -0.7858 0.1623
vn 0.4364 -0.8907 0.1272
vn 0.2596 -0.9618 0.0873
vn 0.0732 -0.9963 0.0442
vn -0.1162 -0.9932 -0.0007
vn -0.3014 -0.9524 -0.0456
vn -0.4755 -0.8752 -0.0888
vn -0.6319 -0.7643 -0.1287
vn -0.7643 -0.6237 -0.1638
vn -0.8644 -0.4648 -0.1918
vn 0.9005 -0.4013 0.1674
vn 0.9571 -0.2161 0.1931
vn -0.3721 -0.9164 -0.1472
vn -0.1896 -0.9755 -0.1117
vn 0.8092 -0.5718 0.1351
vn -0.5409 -0.8222 -0.1772
vn 0.6871 -0.7200 0.0978
vn -0.6893 -0.6962 -0.2005
vn 0.5391 -0.8403 0.0569
vn -0.8108 -0.5440 -0.2160
vn 0.3710 -0.9285 0.0139
vn -0.8955 -0.3851 -0.2230
vn 0.1889 -0.9815 -0.0296
vn 0.9769 -0.0378 0.2102
vn -0.0003 -0.9974 -0.0720
vn 0.9503 -0.1183 0.2880
vn -0.6625 -0.7490 -0.0085
vn -0.7871 -0.6123 -0.0743
vn -0.8788 -0.4576 -0.1352
vn 0.4974 -0.8355 0.2333
vn -0.9052 -0.3840 -0.1819
vn -0.8282 -0.5420 -0.1421
vn 0.9672 -0.0367 0.2513
vn 0.9396 -0.2141 0.2669
vn -0.2313 -0.9707 0.0647
vn 0.7772 -0.5682 0.2706
vn -0.5729 -0.8186 -0.0418
vn -0.7145 -0.6933 -0.0939
vn 0.9660 0.0745 0.2477
vn 0.9003 -0.2993 0.3161
vn 0.8144 -0.4750 0.3332
vn 0.6976 -0.6321 0.3375
vn 0.5543 -0.7646 0.3288
vn 0.3903 -0.8677 0.3077
vn -0.1622 -0.9702 0.1798
vn -0.3439 -0.9312 0.1210
vn -0.5128 -0.8566 0.0574
vn -0.9406 -0.2791 -0.1934
vn 0.9604 0.0810 0.2668
vn -0.9462 -0.2726 -0.1744
vn -0.8478 -0.5255 -0.0707
vn -0.7428 -0.6695 0.0093
vn 0.4506 -0.7961 0.4040
vn -0.9161 -0.3748 -0.1422
vn 0.9563 -0.0275 0.2911
vn 0.9200 -0.1976 0.3383
vn -0.2781 -0.9313 0.2354
vn 0.7412 -0.5379 0.4016
vn -0.6088 -0.7883 0.0892
vn 0.9545 0.0912 0.2840
vn -0.9521 -0.2625 -0.1571
vn 0.9485 0.1046 0.2989
vn -0.9580 -0.2490 -0.1422
vn 0.9428 0.1209 0.3107
vn -0.9638 -0.2328 -0.1304
vn 0.9374 0.1393 0.3191
vn -0.9691 -0.2144 -0.1220
vn -0.9738 -0.1945 -0.1175
vn 0.9288 0.1796 0.3243
vn -0.9778 -0.1740 -0.1168
vn 0.9257 0.2000 0.3209
vn -0.9808 -0.1536 -0.1202
vn 0.9238 0.2195 0.3137
vn -0.9827 -0.1341 -0.1274
vn 0.9230 0.2374 0.3029
vn -0.9836 -0.1162 -0.1382
vn 0.9233 0.2530 0.2889
vn -0.9832 -0.1007 -0.1522
vn 0.9248 0.2656 0.2723
vn -0.9817 -0.0881 -0.1688
vn 0.9274 0.2748 0.2537
vn -0.9791 -0.0789 -0.1874
vn 0.9310 0.2802 0.2339
vn -0.9755 -0.0734 -0.2072
vn 0.9354 0.2817 0.2135
vn -0.9711 -0.0719 -0.2276
vn 0.9406 0.2791 0.1934
vn -0.9660 -0.0745 -0.2477
vn 0.9462 0.2726 0.1744
vn -0.9604 -0.0810 -0.2668
vn 0.9521 0.2625 0.1571
vn -0.9545 -0.0912 -0.2840
vn 0.9580 0.2490 0.1422
vn -0.9485 -0.1046 -0.2989
vn 0.9638 0.2328 0.1304
vn 0.9691 0.2144 0.1220
vn -0.9374 -0.1393 -0.3191
vn 0.9738 0.1945 0.1175
vn -0.9327 -0.1591 -0.3237
vn 0.9778 0.1740 0.1168
vn -0.9288 -0.1796 -0.3243
vn 0.9808 0.1536 0.1202
vn -0.9257 -0.2000 -0.3209
vn 0.9827 0.1341 0.1274
vn -0.9238 -0.2195 -0.3137
vn 0.9836 0.1162 0.1382
vn -0.9230 -0.2374 -0.3029
vn 0.9832 0.1007 0.1522
vn -0.9233 -0.2530 -0.2889
vn 0.9817 0.0881 0.1688
vn -0.9248 -0.2656 -0.2723
vn 0.9791 0.0789 0.1874
vn -0.9274 -0.2748 -0.2537
vn 0.9755 0.0734 0.2072
vn -0.9310 -0.2802 -0.2339
vn 0.9711 0.0719 0.2276
vn -0.9354 -0.2817 -0.2135
vn 0.3267 -0.9235 0.2010
vn 0.1438 -0.9764 0.1611
vn -0.0445 -0.9924 0.1151
vn 0.8753 -0.3984 0.2740
vn -0.4097 -0.9121 0.0117
vn 0.6495 -0.7157 0.2568
vn -0.7994 -0.6000 -0.0311
vn 0.3656 -0.8429 0.3949
vn -0.8866 -0.4498 -0.1079
vn 0.1860 -0.9120 0.3655
vn 0.9617 0.0324 0.2722
vn -0.9331 -0.3191 -0.1662
vn -0.0004 -0.9466 0.3224
vn 0.9425 -0.1106 0.3153
vn -0.1870 -0.9454 0.2670
vn 0.8880 -0.2870 0.3594
vn -0.3667 -0.9083 0.2014
vn 0.7979 -0.4585 0.3913
vn -0.5329 -0.8365 0.1280
vn 0.6775 -0.6120 0.4081
vn -0.6790 -0.7324 0.0495
vn 0.5315 -0.7417 0.4093
vn -0.7136 -0.6824 0.1587
vn 0.4836 -0.6723 0.5605
vn -0.8252 -0.5627 0.0503
vn 0.3137 -0.7677 0.5588
vn -0.9028 -0.4263 -0.0565
vn 0.1321 -0.8338 0.5360
vn 0.9534 0.0445 0.2985
vn -0.9414 -0.3070 -0.1399
vn -0.0544 -0.8684 0.4928
vn 0.9263 -0.0870 0.3667
vn -0.2389 -0.8702 0.4310
vn 0.8622 -0.2497 0.4407
vn -0.4146 -0.8389 0.3527
vn 0.7634 -0.4084 0.5005
vn -0.5749 -0.7755 0.2608
vn 0.6355 -0.5510 0.5409
vn 0.9095 -0.0536 0.4121
vn -0.2922 -0.7635 0.5760
vn 0.8358 -0.1967 0.5126
vn -0.4638 -0.7404 0.4865
vn 0.7279 -0.3373 0.5970
vn -0.6181 -0.6891 0.3783
vn 0.5923 -0.4646 0.6583
vn -0.7491 -0.6113 0.2553
vn 0.4344 -0.5738 0.6943
vn -0.8516 -0.5097 0.1222
vn 0.2603 -0.6610 0.7038
vn -0.9195 -0.3928 -0.0111
vn 0.0767 -0.7230 0.6866
vn 0.9448 0.0616 0.3218
vn -0.9499 -0.2899 -0.1166
vn -0.1098 -0.7575 0.6435
vn 0.3857 -0.4501 0.8053
vn -0.8778 -0.4433 0.1818
vn 0.2076 -0.5269 0.8242
vn -0.9361 -0.3508 0.0266
vn 0.0219 -0.5836 0.8117
vn 0.9364 0.0831 0.3411
vn -0.9584 -0.2684 -0.0973
vn -0.1646 -0.6182 0.7686
vn 0.8930 -0.0116 0.4499
vn -0.3449 -0.6294 0.6963
vn 0.8097 -0.1303 0.5723
vn -0.5124 -0.6167 0.5975
vn 0.6928 -0.2481 0.6772
vn -0.6608 -0.5805 0.4757
vn 0.5496 -0.3560 0.7558
vn -0.7842 -0.5220 0.3354
vn -0.3950 -0.4731 0.7875
vn 0.7848 -0.0527 0.6175
vn -0.5586 -0.4726 0.6816
vn 0.6594 -0.1440 0.7379
vn -0.7013 -0.4540 0.5496
vn 0.5090 -0.2295 0.8296
vn -0.8176 -0.4179 0.3961
vn 0.3395 -0.3060 0.8894
vn -0.9026 -0.3657 0.2271
vn 0.1575 -0.3706 0.9153
vn -0.9518 -0.3019 0.0552
vn -0.0302 -0.4212 0.9065
vn 0.9283 0.1081 0.3557
vn -0.9664 -0.2434 -0.0827
vn -0.2166 -0.4558 0.8633
vn 0.8773 0.0374 0.4784
vn -0.9252 -0.2802 0.2560
vn 0.1120 -0.1982 0.9737
vn -0.9660 -0.2478 0.0735
vn -0.0775 -0.2419 0.9672
vn 0.9210 0.1357 0.3650
vn -0.9737 -0.2157 -0.0734
vn -0.2640 -0.2765 0.9241
vn 0.8631 0.0915 0.4967
vn -0.4405 -0.3006 0.8459
vn 0.7622 0.0328 0.6465
vn -0.6006 -0.3134 0.7355
vn 0.6291 -0.0291 0.7768
vn -0.7382 -0.3143 0.5969
vn 0.4721 -0.0898 0.8769
vn -0.8479 -0.3031 0.4351
vn 0.2975 -0.1468 0.9434
vn -0.6368 -0.1454 0.7572
vn 0.6030 0.0921 0.7924
vn -0.7700 -0.1668 0.6159
vn 0.4404 0.0577 0.8960
vn -0.8740 -0.1818 0.4507
vn 0.2614 0.0212 0.9650
vn -0.9446 -0.1899 0.2677
vn 0.0728 -0.0161 0.9972
vn -0.9783 -0.1907 0.0809
vn -0.1182 -0.0527 0.9916
vn 0.9148 0.1649 0.3688
vn -0.9800 -0.1865 -0.0696
vn -0.3047 -0.0873 0.9484
vn 0.8508 0.1485 0.5041
vn -0.4797 -0.1186 0.8694
vn 0.7428 0.1231 0.6581
vn -0.9881 -0.1329 0.0770
vn -0.1508 0.1392 0.9787
vn 0.9097 0.1945 0.3668
vn -0.9850 -0.1569 -0.0716
vn -0.3373 0.1047 0.9356
vn 0.8409 0.2064 0.5002
vn -0.5111 0.0661 0.8570
vn 0.7272 0.2147 0.6520
vn -0.6658 0.0250 0.7457
vn 0.5821 0.2151 0.7842
vn -0.7954 -0.0172 0.6059
vn 0.4150 0.2073 0.8859
vn -0.8949 -0.0588 0.4424
vn 0.2324 0.1916 0.9536
vn -0.9602 -0.0983 0.2615
vn 0.0414 0.1686 0.9848
vn 0.5672 0.3351 0.7523
vn -0.8135 0.1287 0.5672
vn 0.3969 0.3532 0.8472
vn -0.9098 0.0611 0.4106
vn 0.2118 0.3578 0.9095
vn -0.9713 -0.0090 0.2378
vn 0.0191 0.3487 0.9370
vn -0.9951 -0.0764 0.0620
vn -0.1741 0.3265 0.9290
vn 0.9061 0.2234 0.3592
vn -0.9886 -0.1280 -0.0792
vn -0.3606 0.2919 0.8859
vn 0.8339 0.2629 0.4852
vn -0.5335 0.2462 0.8092
vn 0.7161 0.3040 0.6282
vn -0.6864 0.1912 0.7017
vn -0.1870 0.5018 0.8445
vn 0.9041 0.2505 0.3461
vn -0.9906 -0.1010 -0.0923
vn -0.3735 0.4673 0.8013
vn 0.8300 0.3157 0.4597
vn -0.5459 0.4150 0.7278
vn 0.7100 0.3877 0.5879
vn -0.6979 0.3468 0.6266
vn 0.5589 0.4475 0.6982
vn -0.8236 0.2654 0.5013
vn 0.3867 0.4899 0.7813
vn -0.9181 0.1735 0.3564
vn 0.2003 0.5134 0.8344
vn -0.9775 0.0747 0.1975
vn 0.0066 0.5175 0.8557
vn -0.9991 -0.0235 0.0365
vn -0.8253 0.3875 0.4108
vn 0.3850 0.6120 0.6908
vn -0.9195 0.2739 0.2820
vn 0.1983 0.6526 0.7313
vn -0.9785 0.1495 0.1420
vn 0.0045 0.6683 0.7439
vn -0.9997 0.0237 0.0015
vn -0.1892 0.6586 0.7283
vn 0.9038 0.2746 0.3282
vn -0.9909 -0.0768 -0.1102
vn -0.3757 0.6240 0.6852
vn 0.8294 0.3630 0.4247
vn -0.5481 0.5658 0.6161
vn 0.7089 0.4625 0.5325
vn -0.6999 0.4860 0.5235
vn 0.5575 0.5479 0.6237
vn 0.9051 0.2950 0.3061
vn -0.9896 -0.0565 -0.1323
vn -0.3671 0.7561 0.5419
vn 0.8320 0.4028 0.3815
vn -0.5397 0.6929 0.4782
vn 0.7130 0.5256 0.4641
vn -0.6922 0.6032 0.3963
vn 0.5630 0.6325 0.5319
vn -0.8186 0.4904 0.2991
vn 0.3918 0.7149 0.5791
vn -0.9139 0.3586 0.1902
vn 0.2060 0.7698 0.6041
vn -0.9744 0.2126 0.0737
vn 0.0128 0.7953 0.6060
vn -0.9971 0.0636 -0.0417
vn -0.1806 0.7907 0.5850
vn 0.4067 0.7947 0.4505
vn -0.9016 0.4242 0.0844
vn 0.2231 0.8607 0.4576
vn -0.9652 0.2614 -0.0051
vn 0.0313 0.8938 0.4473
vn -0.9913 0.0944 -0.0915
vn -0.1614 0.8930 0.4200
vn 0.9081 0.3108 0.2806
vn -0.9866 -0.0407 -0.1577
vn -0.3479 0.8585 0.3769
vn 0.8378 0.4337 0.3317
vn -0.5213 0.7914 0.3194
vn 0.7222 0.5744 0.3854
vn -0.6751 0.6941 0.2498
vn 0.5753 0.6981 0.4262
vn -0.8036 0.5702 0.1705
vn -0.3189 0.9272 0.1966
vn 0.8465 0.4544 0.2774
vn -0.4934 0.8575 0.1460
vn 0.7360 0.6072 0.2993
vn -0.6494 0.7551 0.0898
vn 0.5939 0.7422 0.3107
vn -0.7810 0.6238 0.0300
vn 0.4293 0.8483 0.3100
vn -0.8831 0.4682 -0.0311
vn 0.2488 0.9217 0.2976
vn -0.9514 0.2942 -0.0911
vn 0.0592 0.9600 0.2738
vn -0.9826 0.1151 -0.1458
vn -0.1324 0.9618 0.2397
vn 0.9126 0.3214 0.2528
vn -0.9822 -0.0301 -0.1856
vn -0.8590 0.4890 -0.1520
vn 0.2822 0.9505 0.1301
vn -0.9334 0.3097 -0.1811
vn 0.0954 0.9912 0.0923
vn -0.9712 0.1249 -0.2027
vn -0.0948 0.9942 0.0511
vn 0.9184 0.3264 0.2237
vn -0.9764 -0.0251 -0.2147
vn -0.2813 0.9596 0.0079
vn 0.8579 0.4642 0.2205
vn -0.4572 0.8887 -0.0356
vn 0.7540 0.6227 0.2093
vn -0.6160 0.7839 -0.0777
vn 0.6180 0.7629 0.1898
vn -0.7517 0.6490 -0.1170
vn 0.4586 0.8735 0.1630
vn -0.4140 0.8837 -0.2182
vn 0.7754 0.6202 0.1187
vn -0.5762 0.7794 -0.2462
vn 0.6467 0.7597 0.0681
vn -0.7167 0.6450 -0.2650
vn 0.4936 0.8696 0.0151
vn -0.8302 0.4857 -0.2736
vn 0.3220 0.9460 -0.0384
vn -0.9120 0.3072 -0.2717
vn 0.1385 0.9862 -0.0903
vn -0.9577 0.1234 -0.2599
vn -0.0499 0.9891 -0.1388
vn 0.9253 0.3256 0.1945
vn -0.9694 -0.0259 -0.2439
vn -0.2364 0.9545 -0.1819
vn 0.8714 0.4626 0.1633
vn -0.8880 0.2870 -0.3594
vn 0.1870 0.9454 -0.2670
vn -0.9425 0.1106 -0.3153
vn 0.0004 0.9466 -0.3224
vn 0.9331 0.3191 0.1662
vn -0.9617 -0.0324 -0.2722
vn -0.1860 0.9120 -0.3655
vn 0.8866 0.4498 0.1079
vn -0.3656 0.8429 -0.3949
vn 0.7994 0.6000 0.0311
vn -0.5315 0.7417 -0.4093
vn 0.6790 0.7324 -0.0495
vn -0.6775 0.6120 -0.4081
vn 0.5329 0.8365 -0.1280
vn -0.7979 0.4585 -0.3913
vn 0.3667 0.9083 -0.2014
vn 0.8252 0.5627 -0.0503
vn -0.4836 0.6723 -0.5605
vn 0.7136 0.6824 -0.1587
vn -0.6355 0.5510 -0.5409
vn 0.5749 0.7755 -0.2608
vn -0.7634 0.4084 -0.5005
vn 0.4146 0.8389 -0.3527
vn -0.8622 0.2497 -0.4407
vn 0.2389 0.8702 -0.4310
vn -0.9263 0.0870 -0.3667
vn 0.0544 0.8684 -0.4928
vn 0.9414 0.3070 0.1399
vn -0.9534 -0.0445 -0.2985
vn -0.1321 0.8338 -0.5360
vn 0.9028 0.4263 0.0565
vn -0.3137 0.7677 -0.5588
vn 0.2922 0.7635 -0.5760
vn -0.9095 0.0536 -0.4121
vn 0.1098 0.7575 -0.6435
vn 0.9499 0.2899 0.1166
vn -0.9448 -0.0616 -0.3218
vn -0.0767 0.7230 -0.6866
vn 0.9195 0.3928 0.0111
vn -0.2603 0.6610 -0.7038
vn 0.8516 0.5097 -0.1222
vn -0.4344 0.5738 -0.6943
vn 0.7491 0.6113 -0.2553
vn -0.5923 0.4646 -0.6583
vn 0.6181 0.6891 -0.3783
vn -0.7279 0.3373 -0.5970
vn 0.4638 0.7404 -0.4865
vn -0.8358 0.1967 -0.5126
vn -0.3857 0.4501 -0.8053
vn 0.7842 0.5220 -0.3354
vn -0.5496 0.3560 -0.7558
vn 0.6608 0.5805 -0.4757
vn -0.6928 0.2481 -0.6772
vn 0.5124 0.6167 -0.5975
vn -0.8097 0.1303 -0.5723
vn 0.3449 0.6294 -0.6963
vn -0.8930 0.0116 -0.4499
vn 0.1646 0.6182 -0.7686
vn 0.9584 0.2684 0.0973
vn -0.9364 -0.0831 -0.3411
vn -0.0219 0.5836 -0.8117
vn 0.9361 0.3508 -0.0266
vn -0.2076 0.5269 -0.8242
vn 0.8778 0.4433 -0.1818
vn -0.8773 -0.0374 -0.4784
vn 0.2166 0.4558 -0.8633
vn 0.9664 0.2434 0.0827
vn -0.9283 -0.1081 -0.3557
vn 0.0302 0.4212 -0.9065
vn 0.9518 0.3019 -0.0552
vn -0.1575 0.3706 -0.9153
vn 0.9026 0.3657 -0.2271
vn -0.3395 0.3060 -0.8894
vn 0.8176 0.4179 -0.3961
vn -0.5090 0.2295 -0.8296
vn 0.7013 0.4540 -0.5496
vn -0.6594 0.1440 -0.7379
vn 0.5586 0.4726 -0.6816
vn -0.7848 0.0527 -0.6175
vn 0.3950 0.4731 -0.7875
vn 0.8479 0.3031 -0.4351
vn -0.4721 0.0898 -0.8769
vn 0.7382 0.3143 -0.5969
vn -0.6291 0.0291 -0.7768
vn 0.6006 0.3134 -0.7355
vn -0.7622 -0.0328 -0.6465
vn 0.4405 0.3006 -0.8459
vn -0.8631 -0.0915 -0.4967
vn 0.2639 0.2765 -0.9241
vn 0.9737 0.2157 0.0734
vn -0.9210 -0.1357 -0.3650
vn 0.0775 0.2419 -0.9672
vn 0.9660 0.2478 -0.0735
vn -0.1120 0.1982 -0.9737
vn 0.9252 0.2802 -0.2560
vn -0.2975 0.1468 -0.9434
vn 0.3047 0.0873 -0.9484
vn 0.9800 0.1865 0.0696
vn -0.9148 -0.1649 -0.3688
vn 0.1182 0.0527 -0.9916
vn 0.9783 0.1907 -0.0809
vn -0.0728 0.0161 -0.9972
vn 0.9446 0.1899 -0.2677
vn -0.2614 -0.0212 -0.9650
vn 0.8740 0.1818 -0.4507
vn -0.4404 -0.0577 -0.8960
vn 0.7700 0.1668 -0.6159
vn -0.6030 -0.0921 -0.7924
vn 0.6368 0.1454 -0.7572
vn -0.7428 -0.1231 -0.6581
vn 0.4797 0.1186 -0.8694
vn -0.8508 -0.1485 -0.5041
vn -0.4150 -0.2073 -0.8859
vn 0.7954 0.0172 -0.6059
vn -0.5821 -0.2151 -0.7842
vn 0.6658 -0.0250 -0.7457
vn -0.7272 -0.2147 -0.6520
vn 0.5111 -0.0661 -0.8570
vn -0.8409 -0.2064 -0.5002
vn 0.3373 -0.1047 -0.9356
vn 0.9850 0.1569 0.0716
vn -0.9097 -0.1945 -0.3668
vn 0.1508 -0.1392 -0.9787
vn 0.9881 0.1329 -0.0770
vn -0.0414 -0.1686 -0.9848
vn 0.9602 0.0983 -0.2615
vn -0.2324 -0.1916 -0.9536
vn 0.8949 0.0588 -0.4424
vn -0.9061 -0.2234 -0.3592
vn 0.1741 -0.3265 -0.9290
vn 0.9951 0.0764 -0.0620
vn -0.0191 -0.3487 -0.9370
vn 0.9713 0.0090 -0.2378
vn -0.2118 -0.3578 -0.9095
vn 0.9098 -0.0611 -0.4106
vn -0.3969 -0.3532 -0.8472
vn 0.8135 -0.1287 -0.5672
vn -0.5672 -0.3351 -0.7523
vn 0.6864 -0.1912 -0.7017
vn -0.7161 -0.3040 -0.6282
vn 0.5335 -0.2462 -0.8092
vn -0.8339 -0.2629 -0.4852
vn 0.3606 -0.2919 -0.8859
vn 0.9886 0.1280 0.0792
vn -0.5589 -0.4475 -0.6982
vn 0.6979 -0.3468 -0.6266
vn -0.7100 -0.3877 -0.5879
vn 0.5459 -0.4150 -0.7278
vn -0.8300 -0.3157 -0.4597
vn 0.3735 -0.4673 -0.8013
vn 0.9906 0.1010 0.0923
vn -0.9041 -0.2505 -0.3461
vn 0.1870 -0.5018 -0.8445
vn 0.9991 0.0235 -0.0365
vn -0.0066 -0.5175 -0.8557
vn 0.9775 -0.0747 -0.1975
vn -0.2003 -0.5134 -0.8344
vn 0.9181 -0.1735 -0.3564
vn -0.3867 -0.4899 -0.7813
vn 0.8236 -0.2654 -0.5013
vn 0.9997 -0.0237 -0.0015
vn -0.0045 -0.6683 -0.7439
vn 0.9785 -0.1495 -0.1420
vn -0.1983 -0.6526 -0.7313
vn 0.9195 -0.2739 -0.2820
vn -0.3850 -0.6120 -0.6908
vn 0.8253 -0.3875 -0.4108
vn -0.5575 -0.5479 -0.6237
vn 0.6999 -0.4860 -0.5235
vn -0.7089 -0.4625 -0.5325
vn 0.5481 -0.5658 -0.6161
vn -0.8294 -0.3630 -0.4247
vn 0.3757 -0.6240 -0.6852
vn 0.9909 0.0768 0.1102
vn -0.9038 -0.2746 -0.3282
vn 0.1892 -0.6586 -0.7283
vn 0.6922 -0.6032 -0.3963
vn -0.7130 -0.5256 -0.4641
vn 0.5397 -0.6929 -0.4782
vn -0.8320 -0.4028 -0.3815
vn 0.3671 -0.7561 -0.5419
vn 0.9896 0.0565 0.1323
vn -0.9051 -0.2950 -0.3061
vn 0.1806 -0.7907 -0.5850
vn 0.9971 -0.0636 0.0417
vn -0.0128 -0.7953 -0.6060
vn 0.9744 -0.2126 -0.0737
vn -0.2060 -0.7698 -0.6041
vn 0.9139 -0.3586 -0.1902
vn -0.3918 -0.7149 -0.5791
vn 0.8186 -0.4904 -0.2991
vn -0.5630 -0.6325 -0.5319
vn -0.0313 -0.8938 -0.4473
vn 0.9652 -0.2614 0.0051
vn -0.2231 -0.8607 -0.4576
vn 0.9016 -0.4242 -0.0844
vn -0.4067 -0.7947 -0.4505
vn 0.8036 -0.5702 -0.1705
vn -0.5753 -0.6981 -0.4262
vn 0.6751 -0.6941 -0.2498
vn -0.7222 -0.5744 -0.3854
vn 0.5213 -0.7914 -0.3194
vn -0.8378 -0.4337 -0.3317
vn 0.3479 -0.8585 -0.3769
vn 0.9866 0.0407 0.1577
vn -0.9081 -0.3108 -0.2806
vn 0.1614 -0.8930 -0.4200
vn 0.9913 -0.0944 0.0915
vn -0.7360 -0.6072 -0.2993
vn 0.4934 -0.8575 -0.1460
vn -0.8465 -0.4544 -0.2774
vn 0.3189 -0.9272 -0.1966
vn 0.9822 0.0301 0.1856
vn -0.9126 -0.3214 -0.2528
vn 0.1324 -0.9618 -0.2397
vn 0.9826 -0.1151 0.1458
vn -0.0592 -0.9600 -0.2738
vn 0.9514 -0.2942 0.0911
vn -0.2488 -0.9217 -0.2976
vn 0.8831 -0.4682 0.0311
vn -0.4293 -0.8483 -0.3100
vn 0.7810 -0.6238 -0.0300
vn -0.5939 -0.7422 -0.3107
vn 0.6494 -0.7551 -0.0898
vn 0.9334 -0.3097 0.1811
vn -0.2822 -0.9505 -0.1301
vn 0.8590 -0.4890 0.1520
vn -0.4586 -0.8735 -0.1630
vn 0.7517 -0.6490 0.1170
vn -0.6180 -0.7629 -0.1898
vn 0.6160 -0.7839 0.0777
vn -0.7540 -0.6227 -0.2093
vn 0.4572 -0.8887 0.0356
vn -0.8579 -0.4642 -0.2205
vn 0.2813 -0.9596 -0.0079
vn 0.9764 0.0251 0.2147
vn -0.9184 -0.3264 -0.2237
vn 0.0948 -0.9942 -0.0511
vn 0.9712 -0.1249 0.2027
vn -0.0954 -0.9912 -0.0923
vn 0.4140 -0.8837 0.2182
vn -0.8714 -0.4626 -0.1633
vn 0.2364 -0.9545 0.1819
vn 0.9694 0.0259 0.2439
vn -0.9253 -0.3256 -0.1945
vn 0.0499 -0.9891 0.1387
vn 0.9577 -0.1234 0.2599
vn -0.1385 -0.9862 0.0903
vn 0.9120 -0.3072 0.2717
vn -0.3220 -0.9460 0.0384
vn 0.8302 -0.4857 0.2736
vn -0.4936 -0.8696 -0.0151
vn 0.7167 -0.6450 0.2650
vn -0.6467 -0.7597 -0.0681
vn 0.5762 -0.7794 0.2462
vn -0.7754 -0.6202 -0.1187
vt 0.750000 0.125000
vt 0.750000 0.156250
vt 0.734375 0.156250
vt 0.734375 0.125000
vt 0.750000 0.187500
vt 0.734375 0.187500
vt 0.718750 0.187500
vt 0.718750 0.156250
vt 0.718750 0.125000
vt 0.750000 0.562500
vt 0.750000 0.593750
vt 0.734375 0.593750
vt 0.734375 0.562500
vt 0.750000 0.625000
vt 0.734375 0.625000
vt 0.718750 0.625000
vt 0.718750 0.593750
vt 0.718750 0.562500
vt 0.750000 0.062500
vt 0.750000 0.093895
vt 0.734375 0.094039
vt 0.734375 0.064815
vt 0.750000 0.125000
vt 0.734375 0.125000
vt 0.718750 0.125000
vt 0.718750 0.093895
vt 0.718750 0.062500
vt 0.750000 0.500000
vt 0.750000 0.531250
vt 0.734375 0.531250
vt 0.734375 0.500000
vt 0.718750 0.531250
vt 0.718750 0.500000
vt 0.750000 0.937500
vt 0.742188 0.968750
vt 0.734375 0.957899
vt 0.734375 0.935185
vt 0.734375 1.000000
vt 0.726563 0.968750
vt 0.742188 0.968750
vt 0.718750 0.937500
vt 0.734375 0.935185
vt 0.734375 0.000000
vt 0.742188 0.031250
vt 0.734375 0.042101
vt 0.726563 0.031250
vt 0.734375 0.064815
vt 0.742188 0.031250
vt 0.734375 0.064815
vt 0.750000 0.437500
vt 0.750000 0.468750
vt 0.734375 0.468750
vt 0.734375 0.437500
vt 0.718750 0.468750
vt 0.718750 0.437500
vt 0.750000 0.875000
vt 0.750000 0.906105
vt 0.734375 0.905961
vt 0.734375 0.875000
vt 0.718750 0.906105
vt 0.718750 0.875000
vt 0.750000 0.375000
vt 0.750000 0.406250
vt 0.734375 0.406250
vt 0.734375 0.375000
vt 0.718750 0.406250
vt 0.718750 0.375000
vt 0.750000 0.812500
vt 0.750000 0.843750
vt 0.734375 0.843750
vt 0.734375 0.812500
vt 0.750000 0.875000
vt 0.718750 0.875000
vt 0.718750 0.843750
vt 0.718750 0.812500
vt 0.750000 0.312500
vt 0.750000 0.343750
vt 0.734375 0.343750
vt 0.734375 0.312500
vt 0.718750 0.343750
vt 0.718750 0.312500
vt 0.750000 0.750000
vt 0.750000 0.781250
vt 0.734375 0.781250
vt 0.734375 0.750000
vt 0.718750 0.781250
vt 0.718750 0.750000
vt 0.750000 0.250000
vt 0.750000 0.281250
vt 0.734375 0.281250
vt 0.734375 0.250000
vt 0.718750 0.281250
vt 0.718750 0.250000
vt 0.750000 0.687500
vt 0.750000 0.718750
vt 0.734375 0.718750
vt 0.734375 0.687500
vt 0.718750 0.718750
vt 0.718750 0.687500
vt 0.750000 0.218750
vt 0.734375 0.218750
vt 0.718750 0.218750
vt 0.750000 0.656250
vt 0.734375 0.656250
vt 0.718750 0.656250
vt 0.703125 0.218750
vt 0.703125 0.187500
vt 0.703125 0.250000
vt 0.687500 0.250000
vt 0.687500 0.218750
vt 0.687500 0.187500
vt 0.703125 0.656250
vt 0.703125 0.625000
vt 0.703125 0.687500
vt 0.687500 0.687500
vt 0.687500 0.656250
vt 0.687500 0.625000
vt 0.703125 0.156250
vt 0.703125 0.125000
vt 0.687500 0.156250
vt 0.687500 0.125000
vt 0.703125 0.593750
vt 0.703125 0.562500
vt 0.687500 0.593750
vt 0.687500 0.562500
vt 0.703125 0.094039
vt 0.703125 0.064815
vt 0.703125 0.125000
vt 0.687500 0.125000
vt 0.687500 0.093895
vt 0.687500 0.062500
vt 0.703125 0.531250
vt 0.703125 0.500000
vt 0.687500 0.531250
vt 0.687500 0.500000
vt 0.710938 0.968750
vt 0.703125 0.957899
vt 0.703125 0.935185
vt 0.703125 1.000000
vt 0.695313 0.968750
vt 0.710938 0.968750
vt 0.687500 0.937500
vt 0.703125 0.935185
vt 0.695313 0.968750
vt 0.703125 0.000000
vt 0.710938 0.031250
vt 0.703125 0.042101
vt 0.695313 0.031250
vt 0.710938 0.031250
vt 0.695313 0.031250
vt 0.703125 0.468750
vt 0.703125 0.437500
vt 0.687500 0.468750
vt 0.687500 0.437500
vt 0.703125 0.905961
vt 0.703125 0.875000
vt 0.687500 0.906105
vt 0.687500 0.875000
vt 0.703125 0.406250
vt 0.703125 0.375000
vt 0.687500 0.406250
vt 0.687500 0.375000
vt 0.703125 0.843750
vt 0.703125 0.812500
vt 0.703125 0.875000
vt 0.687500 0.875000
vt 0.687500 0.843750
vt 0.687500 0.812500
vt 0.703125 0.343750
vt 0.703125 0.312500
vt 0.687500 0.343750
vt 0.687500 0.312500
vt 0.703125 0.781250
vt 0.703125 0.750000
vt 0.687500 0.781250
vt 0.687500 0.750000
vt 0.703125 0.281250
vt 0.687500 0.281250
vt 0.703125 0.718750
vt 0.687500 0.718750
vt 0.671875 0.905961
vt 0.671875 0.875000
vt 0.671875 0.935185
vt 0.656250 0.937500
vt 0.656250 0.906105
vt 0.656250 0.875000
vt 0.671875 0.406250
vt 0.671875 0.375000
vt 0.671875 0.437500
vt 0.656250 0.437500
vt 0.656250 0.406250
vt 0.656250 0.375000
vt 0.671875 0.843750
vt 0.671875 0.812500
vt 0.671875 0.875000
vt 0.656250 0.843750
vt 0.656250 0.812500
vt 0.671875 0.343750
vt 0.671875 0.312500
vt 0.656250 0.343750
vt 0.656250 0.312500
vt 0.671875 0.781250
vt 0.671875 0.750000
vt 0.656250 0.781250
vt 0.656250 0.750000
vt 0.671875 0.281250
vt 0.671875 0.250000
vt 0.656250 0.281250
vt 0.656250 0.250000
vt 0.671875 0.718750
vt 0.671875 0.687500
vt 0.656250 0.718750
vt 0.656250 0.687500
vt 0.671875 0.218750
vt 0.671875 0.187500
vt 0.656250 0.218750
vt 0.656250 0.187500
vt 0.671875 0.656250
vt 0.671875 0.625000
vt 0.656250 0.656250
vt 0.656250 0.625000
vt 0.671875 0.156250
vt 0.671875 0.125000
vt 0.656250 0.156250
vt 0.656250 0.125000
vt 0.671875 0.593750
vt 0.671875 0.562500
vt 0.656250 0.593750
vt 0.656250 0.562500
vt 0.671875 0.094039
vt 0.671875 0.064815
vt 0.656250 0.093895
vt 0.656250 0.062500
vt 0.671875 0.531250
vt 0.671875 0.500000
vt 0.656250 0.531250
vt 0.656250 0.500000
vt 0.679688 0.968750
vt 0.671875 0.957899
vt 0.671875 1.000000
vt 0.664063 0.968750
vt 0.679688 0.968750
vt 0.671875 0.935185
vt 0.671875 0.000000
vt 0.679688 0.031250
vt 0.671875 0.042101
vt 0.664063 0.031250
vt 0.671875 0.064815
vt 0.679688 0.031250
vt 0.671875 0.064815
vt 0.671875 0.468750
vt 0.656250 0.468750
vt 0.640625 0.656250
vt 0.640625 0.625000
vt 0.640625 0.687500
vt 0.625000 0.687500
vt 0.625000 0.656250
vt 0.625000 0.625000
vt 0.640625 0.156250
vt 0.640625 0.125000
vt 0.640625 0.187500
vt 0.625000 0.187500
vt 0.625000 0.156250
vt 0.625000 0.125000
vt 0.640625 0.593750
vt 0.640625 0.562500
vt 0.625000 0.593750
vt 0.625000 0.562500
vt 0.640625 0.094039
vt 0.640625 0.064815
vt 0.640625 0.125000
vt 0.625000 0.125000
vt 0.625000 0.093895
vt 0.625000 0.062500
vt 0.640625 0.531250
vt 0.640625 0.500000
vt 0.625000 0.531250
vt 0.625000 0.500000
vt 0.648438 0.968750
vt 0.640625 0.957899
vt 0.640625 0.935185
vt 0.640625 1.000000
vt 0.632813 0.968750
vt 0.648438 0.968750
vt 0.625000 0.937500
vt 0.640625 0.935185
vt 0.632813 0.968750
vt 0.640625 0.000000
vt 0.648438 0.031250
vt 0.640625 0.042101
vt 0.632813 0.031250
vt 0.640625 0.064815
vt 0.648438 0.031250
vt 0.632813 0.031250
vt 0.640625 0.064815
vt 0.640625 0.468750
vt 0.640625 0.437500
vt 0.625000 0.468750
vt 0.625000 0.437500
vt 0.640625 0.905961
vt 0.640625 0.875000
vt 0.625000 0.906105
vt 0.625000 0.875000
vt 0.640625 0.406250
vt 0.640625 0.375000
vt 0.625000 0.406250
vt 0.625000 0.375000
vt 0.640625 0.843750
vt 0.640625 0.812500
vt 0.640625 0.875000
vt 0.625000 0.875000
vt 0.625000 0.843750
vt 0.625000 0.812500
vt 0.640625 0.343750
vt 0.640625 0.312500
vt 0.625000 0.343750
vt 0.625000 0.312500
vt 0.640625 0.781250
vt 0.640625 0.750000
vt 0.625000 0.781250
vt 0.625000 0.750000
vt 0.640625 0.281250
vt 0.640625 0.250000
vt 0.625000 0.281250
vt 0.625000 0.250000
vt 0.640625 0.718750
vt 0.625000 0.718750
vt 0.640625 0.218750
vt 0.625000 0.218750
vt 0.609375 0.406250
vt 0.609375 0.375000
vt 0.609375 0.437500
vt 0.593750 0.437500
vt 0.593750 0.406250
vt 0.593750 0.375000
vt 0.609375 0.843750
vt 0.609375 0.812500
vt 0.609375 0.875000
vt 0.593750 0.875000
vt 0.593750 0.843750
vt 0.593750 0.812500
vt 0.609375 0.343750
vt 0.609375 0.312500
vt 0.593750 0.343750
vt 0.593750 0.312500
vt 0.609375 0.781250
vt 0.609375 0.750000
vt 0.593750 0.781250
vt 0.593750 0.750000
vt 0.609375 0.281250
vt 0.609375 0.250000
vt 0.593750 0.281250
vt 0.593750 0.250000
vt 0.609375 0.718750
vt 0.609375 0.687500
vt 0.593750 0.718750
vt 0.593750 0.687500
vt 0.609375 0.218750
vt 0.609375 0.187500
vt 0.593750 0.218750
vt 0.593750 0.187500
vt 0.609375 0.656250
vt 0.609375 0.625000
vt 0.593750 0.656250
vt 0.593750 0.625000
vt 0.609375 0.156250
vt 0.609375 0.125000
vt 0.593750 0.156250
vt 0.593750 0.125000
vt 0.609375 0.593750
vt 0.609375 0.562500
vt 0.593750 0.593750
vt 0.593750 0.562500
vt 0.609375 0.094039
vt 0.609375 0.064815
vt 0.593750 0.125000
vt 0.593750 0.093895
vt 0.593750 0.062500
vt 0.609375 0.531250
vt 0.609375 0.500000
vt 0.593750 0.531250
vt 0.593750 0.500000
vt 0.617188 0.968750
vt 0.609375 0.957899
vt 0.609375 0.935185
vt 0.609375 1.000000
vt 0.601563 0.968750
vt 0.593750 0.937500
vt 0.609375 0.935185
vt 0.601563 0.968750
vt 0.609375 0.000000
vt 0.617188 0.031250
vt 0.609375 0.042101
vt 0.601563 0.031250
vt 0.609375 0.064815
vt 0.601563 0.031250
vt 0.609375 0.468750
vt 0.593750 0.468750
vt 0.609375 0.905961
vt 0.609375 0.875000
vt 0.593750 0.906105
vt 0.593750 0.875000
vt 0.578125 0.156250
vt 0.578125 0.125000
vt 0.578125 0.187500
vt 0.562500 0.187500
vt 0.562500 0.156250
vt 0.562500 0.125000
vt 0.578125 0.593750
vt 0.578125 0.562500
vt 0.578125 0.625000
vt 0.562500 0.625000
vt 0.562500 0.593750
vt 0.562500 0.562500
vt 0.578125 0.094039
vt 0.578125 0.064815
vt 0.578125 0.125000
vt 0.562500 0.125000
vt 0.562500 0.093895
vt 0.562500 0.062500
vt 0.578125 0.531250
vt 0.578125 0.500000
vt 0.562500 0.531250
vt 0.562500 0.500000
vt 0.585938 0.968750
vt 0.578125 0.957899
vt 0.578125 0.935185
vt 0.578125 1.000000
vt 0.570313 0.968750
vt 0.585938 0.968750
vt 0.562500 0.937500
vt 0.578125 0.935185
vt 0.578125 0.000000
vt 0.585938 0.031250
vt 0.578125 0.042101
vt 0.570313 0.031250
vt 0.585938 0.031250
vt 0.578125 0.064815
vt 0.578125 0.468750
vt 0.578125 0.437500
vt 0.562500 0.468750
vt 0.562500 0.437500
vt 0.578125 0.905961
vt 0.578125 0.875000
vt 0.562500 0.906105
vt 0.562500 0.875000
vt 0.578125 0.406250
vt 0.578125 0.375000
vt 0.562500 0.406250
vt 0.562500 0.375000
vt 0.578125 0.843750
vt 0.578125 0.812500
vt 0.578125 0.875000
vt 0.562500 0.843750
vt 0.562500 0.812500
vt 0.578125 0.343750
vt 0.578125 0.312500
vt 0.562500 0.343750
vt 0.562500 0.312500
vt 0.578125 0.781250
vt 0.578125 0.750000
vt 0.562500 0.781250
vt 0.562500 0.750000
vt 0.578125 0.281250
vt 0.578125 0.250000
vt 0.562500 0.281250
vt 0.562500 0.250000
vt 0.578125 0.718750
vt 0.578125 0.687500
vt 0.562500 0.718750
vt 0.562500 0.687500
vt 0.578125 0.218750
vt 0.562500 0.218750
vt 0.578125 0.656250
vt 0.562500 0.656250
vt 0.546875 0.343750
vt 0.546875 0.312500
vt 0.546875 0.375000
vt 0.531250 0.375000
vt 0.531250 0.343750
vt 0.531250 0.312500
vt 0.546875 0.781250
vt 0.546875 0.750000
vt 0.546875 0.812500
vt 0.531250 0.812500
vt 0.531250 0.781250
vt 0.531250 0.750000
vt 0.546875 0.281250
vt 0.546875 0.250000
vt 0.531250 0.281250
vt 0.531250 0.250000
vt 0.546875 0.718750
vt 0.546875 0.687500
vt 0.531250 0.718750
vt 0.531250 0.687500
vt 0.546875 0.218750
vt 0.546875 0.187500
vt 0.531250 0.218750
vt 0.531250 0.187500
vt 0.546875 0.656250
vt 0.546875 0.625000
vt 0.531250 0.656250
vt 0.531250 0.625000
vt 0.546875 0.156250
vt 0.546875 0.125000
vt 0.531250 0.156250
vt 0.531250 0.125000
vt 0.546875 0.593750
vt 0.546875 0.562500
vt 0.531250 0.593750
vt 0.531250 0.562500
vt 0.546875 0.094039
vt 0.546875 0.064815
vt 0.531250 0.125000
vt 0.531250 0.093895
vt 0.531250 0.062500
vt 0.546875 0.531250
vt 0.546875 0.500000
vt 0.531250 0.531250
vt 0.531250 0.500000
vt 0.554688 0.968750
vt 0.546875 0.957899
vt 0.546875 0.935185
vt 0.546875 1.000000
vt 0.539063 0.968750
vt 0.531250 0.937500
vt 0.546875 0.935185
vt 0.546875 0.000000
vt 0.554688 0.031250
vt 0.546875 0.042101
vt 0.539063 0.031250
vt 0.546875 0.064815
vt 0.546875 0.468750
vt 0.546875 0.437500
vt 0.531250 0.468750
vt 0.531250 0.437500
vt 0.546875 0.905961
vt 0.546875 0.875000
vt 0.531250 0.906105
vt 0.531250 0.875000
vt 0.546875 0.406250
vt 0.531250 0.406250
vt 0.546875 0.843750
vt 0.546875 0.875000
vt 0.531250 0.843750
vt 0.515625 0.094039
vt 0.515625 0.064815
vt 0.515625 0.125000
vt 0.500000 0.125000
vt 0.500000 0.093895
vt 0.500000 0.062500
vt 0.515625 0.531250
vt 0.515625 0.500000
vt 0.515625 0.562500
vt 0.500000 0.562500
vt 0.500000 0.531250
vt 0.500000 0.500000
vt 0.523438 0.968750
vt 0.515625 0.957899
vt 0.515625 0.935185
vt 0.515625 1.000000
vt 0.507813 0.968750
vt 0.500000 0.937500
vt 0.515625 0.935185
vt 0.515625 0.000000
vt 0.523438 0.031250
vt 0.515625 0.042101
vt 0.507813 0.031250
vt 0.515625 0.468750
vt 0.515625 0.437500
vt 0.500000 0.468750
vt 0.500000 0.437500
vt 0.515625 0.905961
vt 0.515625 0.875000
vt 0.500000 0.906105
vt 0.500000 0.875000
vt 0.515625 0.406250
vt 0.515625 0.375000
vt 0.500000 0.406250
vt 0.500000 0.375000
vt 0.515625 0.843750
vt 0.515625 0.812500
vt 0.515625 0.875000
vt 0.500000 0.843750
vt 0.500000 0.812500
vt 0.515625 0.343750
vt 0.515625 0.312500
vt 0.500000 0.343750
vt 0.500000 0.312500
vt 0.515625 0.781250
vt 0.515625 0.750000
vt 0.500000 0.781250
vt 0.500000 0.750000
vt 0.515625 0.281250
vt 0.515625 0.250000
vt 0.500000 0.281250
vt 0.500000 0.250000
vt 0.515625 0.718750
vt 0.515625 0.687500
vt 0.500000 0.718750
vt 0.500000 0.687500
vt 0.515625 0.218750
vt 0.515625 0.187500
vt 0.500000 0.218750
vt 0.500000 0.187500
vt 0.515625 0.656250
vt 0.515625 0.625000
vt 0.500000 0.656250
vt 0.500000 0.625000
vt 0.515625 0.156250
vt 0.515625 0.125000
vt 0.500000 0.156250
vt 0.500000 0.125000
vt 0.515625 0.593750
vt 0.500000 0.593750
vt 0.484375 0.781250
vt 0.484375 0.750000
vt 0.484375 0.812500
vt 0.468750 0.812500
vt 0.468750 0.781250
vt 0.468750 0.750000
vt 0.484375 0.281250
vt 0.484375 0.250000
vt 0.484375 0.312500
vt 0.468750 0.312500
vt 0.468750 0.281250
vt 0.468750 0.250000
vt 0.484375 0.718750
vt 0.484375 0.687500
vt 0.468750 0.718750
vt 0.468750 0.687500
vt 0.484375 0.218750
vt 0.484375 0.187500
vt 0.468750 0.218750
vt 0.468750 0.187500
vt 0.484375 0.656250
vt 0.484375 0.625000
vt 0.468750 0.656250
vt 0.468750 0.625000
vt 0.484375 0.156250
vt 0.484375 0.125000
vt 0.468750 0.156250
vt 0.468750 0.125000
vt 0.484375 0.593750
vt 0.484375 0.562500
vt 0.468750 0.593750
vt 0.468750 0.562500
vt 0.484375 0.094039
vt 0.484375 0.064815
vt 0.484375 0.125000
vt 0.468750 0.125000
vt 0.468750 0.093895
vt 0.468750 0.062500
vt 0.484375 0.531250
vt 0.484375 0.500000
vt 0.468750 0.531250
vt 0.468750 0.500000
vt 0.492188 0.968750
vt 0.484375 0.957899
vt 0.484375 0.935185
vt 0.484375 1.000000
vt 0.476563 0.968750
vt 0.468750 0.937500
vt 0.484375 0.935185
vt 0.484375 0.000000
vt 0.492188 0.031250
vt 0.484375 0.042101
vt 0.476563 0.031250
vt 0.484375 0.064815
vt 0.484375 0.468750
vt 0.484375 0.437500
vt 0.468750 0.468750
vt 0.468750 0.437500
vt 0.484375 0.905961
vt 0.484375 0.875000
vt 0.468750 0.906105
vt 0.468750 0.875000
vt 0.484375 0.406250
vt 0.484375 0.375000
vt 0.468750 0.406250
vt 0.468750 0.375000
vt 0.484375 0.843750
vt 0.484375 0.875000
vt 0.468750 0.843750
vt 0.484375 0.343750
vt 0.468750 0.343750
vt 0.453125 0.531250
vt 0.453125 0.500000
vt 0.453125 0.562500
vt 0.437500 0.562500
vt 0.437500 0.531250
vt 0.437500 0.500000
vt 0.460938 0.968750
vt 0.453125 0.957899
vt 0.453125 0.935185
vt 0.453125 1.000000
vt 0.445313 0.968750
vt 0.437500 0.937500
vt 0.453125 0.935185
vt 0.453125 0.000000
vt 0.460938 0.031250
vt 0.453125 0.042101
vt 0.445313 0.031250
vt 0.453125 0.064815
vt 0.437500 0.062500
vt 0.453125 0.064815
vt 0.453125 0.468750
vt 0.453125 0.437500
vt 0.437500 0.468750
vt 0.437500 0.437500
vt 0.453125 0.905961
vt 0.453125 0.875000
vt 0.437500 0.906105
vt 0.437500 0.875000
vt 0.453125 0.406250
vt 0.453125 0.375000
vt 0.437500 0.406250
vt 0.437500 0.375000
vt 0.453125 0.843750
vt 0.453125 0.812500
vt 0.453125 0.875000
vt 0.437500 0.875000
vt 0.437500 0.843750
vt 0.437500 0.812500
vt 0.453125 0.343750
vt 0.453125 0.312500
vt 0.437500 0.343750
vt 0.437500 0.312500
vt 0.453125 0.781250
vt 0.453125 0.750000
vt 0.437500 0.781250
vt 0.437500 0.750000
vt 0.453125 0.281250
vt 0.453125 0.250000
vt 0.437500 0.281250
vt 0.437500 0.250000
vt 0.453125 0.718750
vt 0.453125 0.687500
vt 0.437500 0.718750
vt 0.437500 0.687500
vt 0.453125 0.218750
vt 0.453125 0.187500
vt 0.437500 0.218750
vt 0.437500 0.187500
vt 0.453125 0.656250
vt 0.453125 0.625000
vt 0.437500 0.656250
vt 0.437500 0.625000
vt 0.453125 0.156250
vt 0.453125 0.125000
vt 0.437500 0.156250
vt 0.437500 0.125000
vt 0.453125 0.593750
vt 0.437500 0.593750
vt 0.453125 0.094039
vt 0.453125 0.125000
vt 0.437500 0.125000
vt 0.437500 0.093895
vt 0.421875 0.281250
vt 0.421875 0.250000
vt 0.421875 0.312500
vt 0.406250 0.312500
vt 0.406250 0.281250
vt 0.406250 0.250000
vt 0.421875 0.718750
vt 0.421875 0.687500
vt 0.421875 0.750000
vt 0.406250 0.750000
vt 0.406250 0.718750
vt 0.406250 0.687500
vt 0.421875 0.218750
vt 0.421875 0.187500
vt 0.406250 0.218750
vt 0.406250 0.187500
vt 0.421875 0.656250
vt 0.421875 0.625000
vt 0.406250 0.656250
vt 0.406250 0.625000
vt 0.421875 0.156250
vt 0.421875 0.125000
vt 0.406250 0.156250
vt 0.406250 0.125000
vt 0.421875 0.593750
vt 0.421875 0.562500
vt 0.406250 0.593750
vt 0.406250 0.562500
vt 0.421875 0.094039
vt 0.421875 0.064815
vt 0.421875 0.125000
vt 0.406250 0.125000
vt 0.406250 0.093895
vt 0.406250 0.062500
vt 0.421875 0.531250
vt 0.421875 0.500000
vt 0.406250 0.531250
vt 0.406250 0.500000
vt 0.429688 0.968750
vt 0.421875 0.957899
vt 0.421875 0.935185
vt 0.421875 1.000000
vt 0.414063 0.968750
vt 0.406250 0.937500
vt 0.421875 0.935185
vt 0.421875 0.000000
vt 0.429688 0.031250
vt 0.421875 0.042101
vt 0.414063 0.031250
vt 0.421875 0.064815
vt 0.421875 0.064815
vt 0.421875 0.468750
vt 0.421875 0.437500
vt 0.406250 0.468750
vt 0.406250 0.437500
vt 0.421875 0.905961
vt 0.421875 0.875000
vt 0.406250 0.906105
vt 0.406250 0.875000
vt 0.421875 0.406250
vt 0.421875 0.375000
vt 0.406250 0.406250
vt 0.406250 0.375000
vt 0.421875 0.843750
vt 0.421875 0.812500
vt 0.421875 0.875000
vt 0.406250 0.875000
vt 0.406250 0.843750
vt 0.406250 0.812500
vt 0.421875 0.343750
vt 0.406250 0.343750
vt 0.421875 0.781250
vt 0.406250 0.781250
vt 0.398438 0.968750
vt 0.390625 0.957899
vt 0.390625 0.935185
vt 0.390625 1.000000
vt 0.382813 0.968750
vt 0.398438 0.968750
vt 0.375000 0.937500
vt 0.390625 0.935185
vt 0.390625 0.000000
vt 0.398438 0.031250
vt 0.390625 0.042101
vt 0.382813 0.031250
vt 0.390625 0.064815
vt 0.398438 0.031250
vt 0.375000 0.062500
vt 0.390625 0.468750
vt 0.390625 0.437500
vt 0.390625 0.500000
vt 0.375000 0.500000
vt 0.375000 0.468750
vt 0.375000 0.437500
vt 0.390625 0.905961
vt 0.390625 0.875000
vt 0.375000 0.906105
vt 0.375000 0.875000
vt 0.390625 0.406250
vt 0.390625 0.375000
vt 0.375000 0.406250
vt 0.375000 0.375000
vt 0.390625 0.843750
vt 0.390625 0.812500
vt 0.390625 0.875000
vt 0.375000 0.843750
vt 0.375000 0.812500
vt 0.390625 0.343750
vt 0.390625 0.312500
vt 0.375000 0.343750
vt 0.375000 0.312500
vt 0.390625 0.781250
vt 0.390625 0.750000
vt 0.375000 0.781250
vt 0.375000 0.750000
vt 0.390625 0.281250
vt 0.390625 0.250000
vt 0.375000 0.281250
vt 0.375000 0.250000
vt 0.390625 0.718750
vt 0.390625 0.687500
vt 0.375000 0.718750
vt 0.375000 0.687500
vt 0.390625 0.218750
vt 0.390625 0.187500
vt 0.375000 0.218750
vt 0.375000 0.187500
vt 0.390625 0.656250
vt 0.390625 0.625000
vt 0.375000 0.656250
vt 0.375000 0.625000
vt 0.390625 0.156250
vt 0.390625 0.125000
vt 0.375000 0.156250
vt 0.375000 0.125000
vt 0.390625 0.593750
vt 0.390625 0.562500
vt 0.375000 0.593750
vt 0.375000 0.562500
vt 0.390625 0.094039
vt 0.390625 0.064815
vt 0.375000 0.125000
vt 0.375000 0.093895
vt 0.390625 0.531250
vt 0.375000 0.531250
vt 0.359375 0.718750
vt 0.359375 0.687500
vt 0.359375 0.750000
vt 0.343750 0.750000
vt 0.343750 0.718750
vt 0.343750 0.687500
vt 0.359375 0.218750
vt 0.359375 0.187500
vt 0.359375 0.250000
vt 0.343750 0.250000
vt 0.343750 0.218750
vt 0.343750 0.187500
vt 0.359375 0.656250
vt 0.359375 0.625000
vt 0.343750 0.656250
vt 0.343750 0.625000
vt 0.359375 0.156250
vt 0.359375 0.125000
vt 0.343750 0.156250
vt 0.343750 0.125000
vt 0.359375 0.593750
vt 0.359375 0.562500
vt 0.343750 0.593750
vt 0.343750 0.562500
vt 0.359375 0.094039
vt 0.359375 0.064815
vt 0.359375 0.125000
vt 0.343750 0.125000
vt 0.343750 0.093895
vt 0.343750 0.062500
vt 0.359375 0.531250
vt 0.359375 0.500000
vt 0.343750 0.531250
vt 0.343750 0.500000
vt 0.367188 0.968750
vt 0.359375 0.957899
vt 0.359375 0.935185
vt 0.359375 1.000000
vt 0.351563 0.968750
vt 0.367188 0.968750
vt 0.343750 0.937500
vt 0.359375 0.935185
vt 0.359375 0.000000
vt 0.367188 0.031250
vt 0.359375 0.042101
vt 0.351563 0.031250
vt 0.367188 0.031250
vt 0.359375 0.064815
vt 0.359375 0.468750
vt 0.359375 0.437500
vt 0.343750 0.468750
vt 0.343750 0.437500
vt 0.359375 0.905961
vt 0.359375 0.875000
vt 0.343750 0.906105
vt 0.343750 0.875000
vt 0.359375 0.406250
vt 0.359375 0.375000
vt 0.343750 0.406250
vt 0.343750 0.375000
vt 0.359375 0.843750
vt 0.359375 0.812500
vt 0.359375 0.875000
vt 0.343750 0.875000
vt 0.343750 0.843750
vt 0.343750 0.812500
vt 0.359375 0.343750
vt 0.359375 0.312500
vt 0.343750 0.343750
vt 0.343750 0.312500
vt 0.359375 0.781250
vt 0.343750 0.781250
vt 0.359375 0.281250
vt 0.343750 0.281250
vt 0.328125 0.468750
vt 0.328125 0.437500
vt 0.328125 0.500000
vt 0.312500 0.500000
vt 0.312500 0.468750
vt 0.312500 0.437500
vt 0.328125 0.905961
vt 0.328125 0.875000
vt 0.328125 0.935185
vt 0.312500 0.937500
vt 0.312500 0.906105
vt 0.312500 0.875000
vt 0.328125 0.406250
vt 0.328125 0.375000
vt 0.312500 0.406250
vt 0.312500 0.375000
vt 0.328125 0.843750
vt 0.328125 0.812500
vt 0.328125 0.875000
vt 0.312500 0.875000
vt 0.312500 0.843750
vt 0.312500 0.812500
vt 0.328125 0.343750
vt 0.328125 0.312500
vt 0.312500 0.343750
vt 0.312500 0.312500
vt 0.328125 0.781250
vt 0.328125 0.750000
vt 0.312500 0.781250
vt 0.312500 0.750000
vt 0.328125 0.281250
vt 0.328125 0.250000
vt 0.312500 0.281250
vt 0.312500 0.250000
vt 0.328125 0.718750
vt 0.328125 0.687500
vt 0.312500 0.718750
vt 0.312500 0.687500
vt 0.328125 0.218750
vt 0.328125 0.187500
vt 0.312500 0.218750
vt 0.312500 0.187500
vt 0.328125 0.656250
vt 0.328125 0.625000
vt 0.312500 0.656250
vt 0.312500 0.625000
vt 0.328125 0.156250
vt 0.328125 0.125000
vt 0.312500 0.156250
vt 0.312500 0.125000
vt 0.328125 0.593750
vt 0.328125 0.562500
vt 0.312500 0.593750
vt 0.312500 0.562500
vt 0.328125 0.094039
vt 0.328125 0.064815
vt 0.328125 0.125000
vt 0.312500 0.125000
vt 0.312500 0.093895
vt 0.312500 0.062500
vt 0.328125 0.531250
vt 0.312500 0.531250
vt 0.335938 0.968750
vt 0.328125 0.957899
vt 0.328125 1.000000
vt 0.320313 0.968750
vt 0.335938 0.968750
vt 0.328125 0.935185
vt 0.328125 0.000000
vt 0.335938 0.031250
vt 0.328125 0.042101
vt 0.320313 0.031250
vt 0.328125 0.064815
vt 0.335938 0.031250
vt 0.296875 0.218750
vt 0.296875 0.187500
vt 0.296875 0.250000
vt 0.281250 0.250000
vt 0.281250 0.218750
vt 0.281250 0.187500
vt 0.296875 0.656250
vt 0.296875 0.625000
vt 0.296875 0.687500
vt 0.281250 0.687500
vt 0.281250 0.656250
vt 0.281250 0.625000
vt 0.296875 0.156250
vt 0.296875 0.125000
vt 0.281250 0.156250
vt 0.281250 0.125000
vt 0.296875 0.593750
vt 0.296875 0.562500
vt 0.281250 0.593750
vt 0.281250 0.562500
vt 0.296875 0.094039
vt 0.296875 0.064815
vt 0.281250 0.125000
vt 0.281250 0.093895
vt 0.281250 0.062500
vt 0.296875 0.531250
vt 0.296875 0.500000
vt 0.281250 0.531250
vt 0.281250 0.500000
vt 0.304688 0.968750
vt 0.296875 0.957899
vt 0.296875 0.935185
vt 0.296875 1.000000
vt 0.289063 0.968750
vt 0.304688 0.968750
vt 0.281250 0.937500
vt 0.296875 0.935185
vt 0.289063 0.968750
vt 0.296875 0.000000
vt 0.304688 0.031250
vt 0.296875 0.042101
vt 0.289063 0.031250
vt 0.296875 0.064815
vt 0.304688 0.031250
vt 0.289063 0.031250
vt 0.296875 0.468750
vt 0.296875 0.437500
vt 0.281250 0.468750
vt 0.281250 0.437500
vt 0.296875 0.905961
vt 0.296875 0.875000
vt 0.281250 0.906105
vt 0.281250 0.875000
vt 0.296875 0.406250
vt 0.296875 0.375000
vt 0.281250 0.406250
vt 0.281250 0.375000
vt 0.296875 0.843750
vt 0.296875 0.812500
vt 0.296875 0.875000
vt 0.281250 0.875000
vt 0.281250 0.843750
vt 0.281250 0.812500
vt 0.296875 0.343750
vt 0.296875 0.312500
vt 0.281250 0.343750
vt 0.281250 0.312500
vt 0.296875 0.781250
vt 0.296875 0.750000
vt 0.281250 0.781250
vt 0.281250 0.750000
vt 0.296875 0.281250
vt 0.281250 0.281250
vt 0.296875 0.718750
vt 0.281250 0.718750
vt 0.265625 0.406250
vt 0.265625 0.375000
vt 0.265625 0.437500
vt 0.250000 0.437500
vt 0.250000 0.406250
vt 0.250000 0.375000
vt 0.265625 0.843750
vt 0.265625 0.812500
vt 0.265625 0.875000
vt 0.250000 0.875000
vt 0.250000 0.843750
vt 0.250000 0.812500
vt 0.265625 0.343750
vt 0.265625 0.312500
vt 0.250000 0.343750
vt 0.250000 0.312500
vt 0.265625 0.781250
vt 0.265625 0.750000
vt 0.250000 0.781250
vt 0.250000 0.750000
vt 0.265625 0.281250
vt 0.265625 0.250000
vt 0.250000 0.281250
vt 0.250000 0.250000
vt 0.265625 0.718750
vt 0.265625 0.687500
vt 0.250000 0.718750
vt 0.250000 0.687500
vt 0.265625 0.218750
vt 0.265625 0.187500
vt 0.250000 0.218750
vt 0.250000 0.187500
vt 0.265625 0.656250
vt 0.265625 0.625000
vt 0.250000 0.656250
vt 0.250000 0.625000
vt 0.265625 0.156250
vt 0.265625 0.125000
vt 0.250000 0.156250
vt 0.250000 0.125000
vt 0.265625 0.593750
vt 0.265625 0.562500
vt 0.250000 0.593750
vt 0.250000 0.562500
vt 0.265625 0.094039
vt 0.265625 0.064815
vt 0.265625 0.125000
vt 0.250000 0.125000
vt 0.250000 0.093895
vt 0.250000 0.062500
vt 0.265625 0.531250
vt 0.265625 0.500000
vt 0.250000 0.531250
vt 0.250000 0.500000
vt 0.273438 0.968750
vt 0.265625 0.957899
vt 0.265625 0.935185
vt 0.265625 1.000000
vt 0.257813 0.968750
vt 0.250000 0.937500
vt 0.265625 0.935185
vt 0.265625 0.000000
vt 0.273438 0.031250
vt 0.265625 0.042101
vt 0.257813 0.031250
vt 0.265625 0.468750
vt 0.250000 0.468750
vt 0.265625 0.905961
vt 0.265625 0.875000
vt 0.250000 0.906105
vt 0.250000 0.875000
vt 0.234375 0.156250
vt 0.234375 0.125000
vt 0.234375 0.187500
vt 0.218750 0.187500
vt 0.218750 0.156250
vt 0.218750 0.125000
vt 0.234375 0.593750
vt 0.234375 0.562500
vt 0.234375 0.625000
vt 0.218750 0.625000
vt 0.218750 0.593750
vt 0.218750 0.562500
vt 0.234375 0.094039
vt 0.234375 0.064815
vt 0.218750 0.125000
vt 0.218750 0.093895
vt 0.218750 0.062500
vt 0.234375 0.531250
vt 0.234375 0.500000
vt 0.218750 0.531250
vt 0.218750 0.500000
vt 0.242188 0.968750
vt 0.234375 0.957899
vt 0.234375 0.935185
vt 0.234375 1.000000
vt 0.226563 0.968750
vt 0.218750 0.937500
vt 0.234375 0.935185
vt 0.234375 0.000000
vt 0.242188 0.031250
vt 0.234375 0.042101
vt 0.226563 0.031250
vt 0.234375 0.064815
vt 0.234375 0.064815
vt 0.234375 0.468750
vt 0.234375 0.437500
vt 0.218750 0.468750
vt 0.218750 0.437500
vt 0.234375 0.905961
vt 0.234375 0.875000
vt 0.218750 0.906105
vt 0.218750 0.875000
vt 0.234375 0.406250
vt 0.234375 0.375000
vt 0.218750 0.406250
vt 0.218750 0.375000
vt 0.234375 0.843750
vt 0.234375 0.812500
vt 0.234375 0.875000
vt 0.218750 0.875000
vt 0.218750 0.843750
vt 0.218750 0.812500
vt 0.234375 0.343750
vt 0.234375 0.312500
vt 0.218750 0.343750
vt 0.218750 0.312500
vt 0.234375 0.781250
vt 0.234375 0.750000
vt 0.218750 0.781250
vt 0.218750 0.750000
vt 0.234375 0.281250
vt 0.234375 0.250000
vt 0.218750 0.281250
vt 0.218750 0.250000
vt 0.234375 0.718750
vt 0.234375 0.687500
vt 0.218750 0.718750
vt 0.218750 0.687500
vt 0.234375 0.218750
vt 0.218750 0.218750
vt 0.234375 0.656250
vt 0.218750 0.656250
vt 0.203125 0.843750
vt 0.203125 0.812500
vt 0.203125 0.875000
vt 0.187500 0.875000
vt 0.187500 0.843750
vt 0.187500 0.812500
vt 0.203125 0.343750
vt 0.203125 0.312500
vt 0.203125 0.375000
vt 0.187500 0.375000
vt 0.187500 0.343750
vt 0.187500 0.312500
vt 0.203125 0.781250
vt 0.203125 0.750000
vt 0.187500 0.781250
vt 0.187500 0.750000
vt 0.203125 0.281250
vt 0.203125 0.250000
vt 0.187500 0.281250
vt 0.187500 0.250000
vt 0.203125 0.718750
vt 0.203125 0.687500
vt 0.187500 0.718750
vt 0.187500 0.687500
vt 0.203125 0.218750
vt 0.203125 0.187500
vt 0.187500 0.218750
vt 0.187500 0.187500
vt 0.203125 0.656250
vt 0.203125 0.625000
vt 0.187500 0.656250
vt 0.187500 0.625000
vt 0.203125 0.156250
vt 0.203125 0.125000
vt 0.187500 0.156250
vt 0.187500 0.125000
vt 0.203125 0.593750
vt 0.203125 0.562500
vt 0.187500 0.593750
vt 0.187500 0.562500
vt 0.203125 0.094039
vt 0.203125 0.064815
vt 0.203125 0.125000
vt 0.187500 0.125000
vt 0.187500 0.093895
vt 0.187500 0.062500
vt 0.203125 0.531250
vt 0.203125 0.500000
vt 0.187500 0.531250
vt 0.187500 0.500000
vt 0.210938 0.968750
vt 0.203125 0.957899
vt 0.203125 0.935185
vt 0.203125 1.000000
vt 0.195313 0.968750
vt 0.210938 0.968750
vt 0.187500 0.937500
vt 0.203125 0.935185
vt 0.203125 0.000000
vt 0.210938 0.031250
vt 0.203125 0.042101
vt 0.195313 0.031250
vt 0.210938 0.031250
vt 0.203125 0.064815
vt 0.203125 0.468750
vt 0.203125 0.437500
vt 0.187500 0.468750
vt 0.187500 0.437500
vt 0.203125 0.905961
vt 0.203125 0.875000
vt 0.187500 0.906105
vt 0.187500 0.875000
vt 0.203125 0.406250
vt 0.187500 0.406250
vt 0.171875 0.593750
vt 0.171875 0.562500
vt 0.171875 0.625000
vt 0.156250 0.625000
vt 0.156250 0.593750
vt 0.156250 0.562500
vt 0.171875 0.094039
vt 0.171875 0.064815
vt 0.171875 0.125000
vt 0.156250 0.125000
vt 0.156250 0.093895
vt 0.156250 0.062500
vt 0.171875 0.531250
vt 0.171875 0.500000
vt 0.156250 0.531250
vt 0.156250 0.500000
vt 0.179688 0.968750
vt 0.171875 0.957899
vt 0.171875 0.935185
vt 0.171875 1.000000
vt 0.164063 0.968750
vt 0.156250 0.937500
vt 0.171875 0.935185
vt 0.171875 0.000000
vt 0.179688 0.031250
vt 0.171875 0.042101
vt 0.164063 0.031250
vt 0.171875 0.064815
vt 0.171875 0.468750
vt 0.171875 0.437500
vt 0.156250 0.468750
vt 0.156250 0.437500
vt 0.171875 0.905961
vt 0.171875 0.875000
vt 0.156250 0.906105
vt 0.156250 0.875000
vt 0.171875 0.406250
vt 0.171875 0.375000
vt 0.156250 0.406250
vt 0.156250 0.375000
vt 0.171875 0.843750
vt 0.171875 0.812500
vt 0.171875 0.875000
vt 0.156250 0.875000
vt 0.156250 0.843750
vt 0.156250 0.812500
vt 0.171875 0.343750
vt 0.171875 0.312500
vt 0.156250 0.343750
vt 0.156250 0.312500
vt 0.171875 0.781250
vt 0.171875 0.750000
vt 0.156250 0.781250
vt 0.156250 0.750000
vt 0.171875 0.281250
vt 0.171875 0.250000
vt 0.156250 0.281250
vt 0.156250 0.250000
vt 0.171875 0.718750
vt 0.171875 0.687500
vt 0.156250 0.718750
vt 0.156250 0.687500
vt 0.171875 0.218750
vt 0.171875 0.187500
vt 0.156250 0.218750
vt 0.156250 0.187500
vt 0.171875 0.656250
vt 0.156250 0.656250
vt 0.171875 0.156250
vt 0.171875 0.125000
vt 0.156250 0.156250
vt 0.156250 0.125000
vt 0.140625 0.343750
vt 0.140625 0.312500
vt 0.140625 0.375000
vt 0.125000 0.375000
vt 0.125000 0.343750
vt 0.125000 0.312500
vt 0.140625 0.781250
vt 0.140625 0.750000
vt 0.140625 0.812500
vt 0.125000 0.812500
vt 0.125000 0.781250
vt 0.125000 0.750000
vt 0.140625 0.281250
vt 0.140625 0.250000
vt 0.125000 0.281250
vt 0.125000 0.250000
vt 0.140625 0.718750
vt 0.140625 0.687500
vt 0.125000 0.718750
vt 0.125000 0.687500
vt 0.140625 0.218750
vt 0.140625 0.187500
vt 0.125000 0.218750
vt 0.125000 0.187500
vt 0.140625 0.656250
vt 0.140625 0.625000
vt 0.125000 0.656250
vt 0.125000 0.625000
vt 0.140625 0.156250
vt 0.140625 0.125000
vt 0.125000 0.156250
vt 0.125000 0.125000
vt 0.140625 0.593750
vt 0.140625 0.562500
vt 0.125000 0.593750
vt 0.125000 0.562500
vt 0.140625 0.094039
vt 0.140625 0.064815
vt 0.140625 0.125000
vt 0.125000 0.125000
vt 0.125000 0.093895
vt 0.125000 0.062500
vt 0.140625 0.531250
vt 0.140625 0.500000
vt 0.125000 0.531250
vt 0.125000 0.500000
vt 0.148438 0.968750
vt 0.140625 0.957899
vt 0.140625 0.935185
vt 0.140625 1.000000
vt 0.132813 0.968750
vt 0.148438 0.968750
vt 0.125000 0.937500
vt 0.140625 0.935185
vt 0.140625 0.000000
vt 0.148438 0.031250
vt 0.140625 0.042101
vt 0.132813 0.031250
vt 0.148438 0.031250
vt 0.140625 0.064815
vt 0.140625 0.468750
vt 0.140625 0.437500
vt 0.125000 0.468750
vt 0.125000 0.437500
vt 0.140625 0.905961
vt 0.140625 0.875000
vt 0.125000 0.906105
vt 0.125000 0.875000
vt 0.140625 0.406250
vt 0.125000 0.406250
vt 0.140625 0.843750
vt 0.140625 0.875000
vt 0.125000 0.875000
vt 0.125000 0.843750
vt 0.109375 0.094039
vt 0.109375 0.064815
vt 0.109375 0.125000
vt 0.093750 0.125000
vt 0.093750 0.093895
vt 0.093750 0.062500
vt 0.109375 0.531250
vt 0.109375 0.500000
vt 0.109375 0.562500
vt 0.093750 0.562500
vt 0.093750 0.531250
vt 0.093750 0.500000
vt 0.117188 0.968750
vt 0.109375 0.957899
vt 0.109375 0.935185
vt 0.109375 1.000000
vt 0.101563 0.968750
vt 0.093750 0.937500
vt 0.109375 0.935185
vt 0.109375 0.000000
vt 0.117188 0.031250
vt 0.109375 0.042101
vt 0.101563 0.031250
vt 0.109375 0.064815
vt 0.109375 0.468750
vt 0.109375 0.437500
vt 0.093750 0.468750
vt 0.093750 0.437500
vt 0.109375 0.905961
vt 0.109375 0.875000
vt 0.093750 0.906105
vt 0.093750 0.875000
vt 0.109375 0.406250
vt 0.109375 0.375000
vt 0.093750 0.406250
vt 0.093750 0.375000
vt 0.109375 0.843750
vt 0.109375 0.812500
vt 0.109375 0.875000
vt 0.093750 0.875000
vt 0.093750 0.843750
vt 0.093750 0.812500
vt 0.109375 0.343750
vt 0.109375 0.312500
vt 0.093750 0.343750
vt 0.093750 0.312500
vt 0.109375 0.781250
vt 0.109375 0.750000
vt 0.093750 0.781250
vt 0.093750 0.750000
vt 0.109375 0.281250
vt 0.109375 0.250000
vt 0.093750 0.281250
vt 0.093750 0.250000
vt 0.109375 0.718750
vt 0.109375 0.687500
vt 0.093750 0.718750
vt 0.093750 0.687500
vt 0.109375 0.218750
vt 0.109375 0.187500
vt 0.093750 0.218750
vt 0.093750 0.187500
vt 0.109375 0.656250
vt 0.109375 0.625000
vt 0.093750 0.656250
vt 0.093750 0.625000
vt 0.109375 0.156250
vt 0.109375 0.125000
vt 0.093750 0.156250
vt 0.109375 0.593750
vt 0.093750 0.593750
vt 0.078125 0.781250
vt 0.078125 0.750000
vt 0.078125 0.812500
vt 0.062500 0.812500
vt 0.062500 0.781250
vt 0.062500 0.750000
vt 0.078125 0.281250
vt 0.078125 0.250000
vt 0.078125 0.312500
vt 0.062500 0.312500
vt 0.062500 0.281250
vt 0.062500 0.250000
vt 0.078125 0.718750
vt 0.078125 0.687500
vt 0.062500 0.718750
vt 0.062500 0.687500
vt 0.078125 0.218750
vt 0.078125 0.187500
vt 0.062500 0.218750
vt 0.062500 0.187500
vt 0.078125 0.656250
vt 0.078125 0.625000
vt 0.062500 0.656250
vt 0.062500 0.625000
vt 0.078125 0.156250
vt 0.078125 0.125000
vt 0.062500 0.156250
vt 0.062500 0.125000
vt 0.078125 0.593750
vt 0.078125 0.562500
vt 0.062500 0.593750
vt 0.062500 0.562500
vt 0.078125 0.094039
vt 0.078125 0.064815
vt 0.078125 0.125000
vt 0.062500 0.093895
vt 0.062500 0.062500
vt 0.078125 0.531250
vt 0.078125 0.500000
vt 0.062500 0.531250
vt 0.062500 0.500000
vt 0.085938 0.968750
vt 0.078125 0.957899
vt 0.078125 0.935185
vt 0.078125 1.000000
vt 0.070313 0.968750
vt 0.062500 0.937500
vt 0.078125 0.935185
vt 0.070313 0.968750
vt 0.078125 0.000000
vt 0.085938 0.031250
vt 0.078125 0.042101
vt 0.070313 0.031250
vt 0.078125 0.064815
vt 0.070313 0.031250
vt 0.078125 0.064815
vt 0.078125 0.468750
vt 0.078125 0.437500
vt 0.062500 0.468750
vt 0.062500 0.437500
vt 0.078125 0.905961
vt 0.078125 0.875000
vt 0.062500 0.906105
vt 0.062500 0.875000
vt 0.078125 0.406250
vt 0.078125 0.375000
vt 0.062500 0.406250
vt 0.062500 0.375000
vt 0.078125 0.843750
vt 0.078125 0.875000
vt 0.062500 0.875000
vt 0.062500 0.843750
vt 0.078125 0.343750
vt 0.062500 0.343750
vt 0.046875 0.531250
vt 0.046875 0.500000
vt 0.046875 0.562500
vt 0.031250 0.562500
vt 0.031250 0.531250
vt 0.031250 0.500000
vt 0.054687 0.968750
vt 0.046875 0.957899
vt 0.046875 0.935185
vt 0.046875 1.000000
vt 0.039062 0.968750
vt 0.031250 0.937500
vt 0.046875 0.935185
vt 0.046875 0.000000
vt 0.054687 0.031250
vt 0.046875 0.042101
vt 0.039062 0.031250
vt 0.046875 0.064815
vt 0.031250 0.062500
vt 0.046875 0.468750
vt 0.046875 0.437500
vt 0.031250 0.468750
vt 0.031250 0.437500
vt 0.046875 0.905961
vt 0.046875 0.875000
vt 0.031250 0.906105
vt 0.031250 0.875000
vt 0.046875 0.406250
vt 0.046875 0.375000
vt 0.031250 0.406250
vt 0.031250 0.375000
vt 0.046875 0.843750
vt 0.046875 0.812500
vt 0.031250 0.875000
vt 0.031250 0.843750
vt 0.031250 0.812500
vt 0.046875 0.343750
vt 0.046875 0.312500
vt 0.031250 0.343750
vt 0.031250 0.312500
vt 0.046875 0.781250
vt 0.046875 0.750000
vt 0.031250 0.781250
vt 0.031250 0.750000
vt 0.046875 0.281250
vt 0.046875 0.250000
vt 0.031250 0.281250
vt 0.031250 0.250000
vt 0.046875 0.718750
vt 0.046875 0.687500
vt 0.031250 0.718750
vt 0.031250 0.687500
vt 0.046875 0.218750
vt 0.046875 0.187500
vt 0.031250 0.218750
vt 0.031250 0.187500
vt 0.046875 0.656250
vt 0.046875 0.625000
vt 0.031250 0.656250
vt 0.031250 0.625000
vt 0.046875 0.156250
vt 0.046875 0.125000
vt 0.031250 0.156250
vt 0.031250 0.125000
vt 0.046875 0.593750
vt 0.031250 0.593750
vt 0.046875 0.094039
vt 0.046875 0.064815
vt 0.046875 0.125000
vt 0.031250 0.125000
vt 0.031250 0.093895
vt 0.031250 0.250000
vt 0.031250 0.281250
vt 0.015625 0.281250
vt 0.015625 0.250000
vt 0.031250 0.312500
vt 0.015625 0.312500
vt 0.000000 0.312500
vt 0.000000 0.281250
vt 0.000000 0.250000
vt 0.031250 0.687500
vt 0.015625 0.718750
vt 0.015625 0.687500
vt 0.015625 0.750000
vt 0.000000 0.750000
vt 0.000000 0.718750
vt 0.000000 0.687500
vt 0.031250 0.187500
vt 0.015625 0.218750
vt 0.015625 0.187500
vt 0.000000 0.218750
vt 0.000000 0.187500
vt 0.031250 0.625000
vt 0.031250 0.656250
vt 0.015625 0.656250
vt 0.015625 0.625000
vt 0.000000 0.656250
vt 0.000000 0.625000
vt 0.031250 0.156250
vt 0.015625 0.156250
vt 0.015625 0.125000
vt 0.000000 0.156250
vt 0.000000 0.125000
vt 0.031250 0.562500
vt 0.031250 0.593750
vt 0.015625 0.593750
vt 0.015625 0.562500
vt 0.000000 0.593750
vt 0.000000 0.562500
vt 0.015625 0.094039
vt 0.015625 0.064815
vt 0.000000 0.093750
vt 0.000000 0.062500
vt 0.031250 0.500000
vt 0.031250 0.531250
vt 0.015625 0.531250
vt 0.015625 0.500000
vt 0.000000 0.531250
vt 0.000000 0.500000
vt 0.023438 0.968750
vt 0.015625 0.957899
vt 0.015625 0.935185
vt 0.015625 1.000000
vt 0.007813 0.968750
vt 0.023438 0.968750
vt 0.000000 0.937500
vt 0.015625 0.935185
vt 0.015625 0.000000
vt 0.023438 0.031250
vt 0.015625 0.042101
vt 0.007813 0.031250
vt 0.023438 0.031250
vt 0.031250 0.437500
vt 0.015625 0.468750
vt 0.015625 0.437500
vt 0.000000 0.468750
vt 0.000000 0.437500
vt 0.015625 0.905961
vt 0.015625 0.875000
vt 0.000000 0.906250
vt 0.000000 0.875000
vt 0.031250 0.406250
vt 0.015625 0.406250
vt 0.015625 0.375000
vt 0.000000 0.406250
vt 0.000000 0.375000
vt 0.031250 0.812500
vt 0.031250 0.843750
vt 0.015625 0.843750
vt 0.015625 0.812500
vt 0.000000 0.843750
vt 0.000000 0.812500
vt 0.015625 0.343750
vt 0.000000 0.343750
vt 0.031250 0.781250
vt 0.015625 0.781250
vt 0.000000 0.781250
vt 0.984375 0.000000
vt 0.992188 0.031250
vt 0.984375 0.042101
vt 0.976563 0.031250
vt 1.000000 0.062500
vt 0.984375 0.064815
vt 0.968750 0.062500
vt 0.984375 0.064815
vt 1.000000 0.437500
vt 1.000000 0.468750
vt 0.984375 0.468750
vt 0.984375 0.437500
vt 1.000000 0.500000
vt 0.984375 0.500000
vt 0.968750 0.500000
vt 0.968750 0.468750
vt 0.968750 0.437500
vt 1.000000 0.875000
vt 1.000000 0.906250
vt 0.984375 0.905961
vt 0.984375 0.875000
vt 1.000000 0.937500
vt 0.984375 0.935185
vt 0.968750 0.937500
vt 0.968750 0.906105
vt 0.968750 0.875000
vt 1.000000 0.375000
vt 1.000000 0.406250
vt 0.984375 0.406250
vt 0.984375 0.375000
vt 0.968750 0.406250
vt 0.968750 0.375000
vt 1.000000 0.812500
vt 1.000000 0.843750
vt 0.984375 0.843750
vt 0.984375 0.812500
vt 0.968750 0.843750
vt 0.968750 0.812500
vt 1.000000 0.312500
vt 1.000000 0.343750
vt 0.984375 0.343750
vt 0.984375 0.312500
vt 0.968750 0.343750
vt 0.968750 0.312500
vt 1.000000 0.750000
vt 1.000000 0.781250
vt 0.984375 0.781250
vt 0.984375 0.750000
vt 0.968750 0.781250
vt 0.968750 0.750000
vt 1.000000 0.250000
vt 1.000000 0.281250
vt 0.984375 0.281250
vt 0.984375 0.250000
vt 0.968750 0.281250
vt 0.968750 0.250000
vt 1.000000 0.687500
vt 1.000000 0.718750
vt 0.984375 0.718750
vt 0.984375 0.687500
vt 0.968750 0.718750
vt 0.968750 0.687500
vt 1.000000 0.187500
vt 1.000000 0.218750
vt 0.984375 0.218750
vt 0.984375 0.187500
vt 0.968750 0.218750
vt 0.968750 0.187500
vt 1.000000 0.625000
vt 1.000000 0.656250
vt 0.984375 0.656250
vt 0.984375 0.625000
vt 0.968750 0.656250
vt 0.968750 0.625000
vt 1.000000 0.125000
vt 1.000000 0.156250
vt 0.984375 0.156250
vt 0.984375 0.125000
vt 0.968750 0.156250
vt 0.968750 0.125000
vt 1.000000 0.562500
vt 1.000000 0.593750
vt 0.984375 0.593750
vt 0.984375 0.562500
vt 0.968750 0.593750
vt 0.968750 0.562500
vt 1.000000 0.093750
vt 0.984375 0.094039
vt 0.968750 0.093895
vt 1.000000 0.531250
vt 0.984375 0.531250
vt 0.968750 0.531250
vt 0.992188 0.968750
vt 0.984375 0.957899
vt 0.984375 1.000000
vt 0.976563 0.968750
vt 0.984375 0.935185
vt 0.968750 0.187500
vt 0.968750 0.218750
vt 0.953125 0.218750
vt 0.953125 0.187500
vt 0.968750 0.250000
vt 0.953125 0.250000
vt 0.937500 0.250000
vt 0.937500 0.218750
vt 0.937500 0.187500
vt 0.968750 0.625000
vt 0.968750 0.656250
vt 0.953125 0.656250
vt 0.953125 0.625000
vt 0.968750 0.687500
vt 0.953125 0.687500
vt 0.937500 0.687500
vt 0.937500 0.656250
vt 0.937500 0.625000
vt 0.968750 0.125000
vt 0.968750 0.156250
vt 0.953125 0.156250
vt 0.953125 0.125000
vt 0.937500 0.156250
vt 0.937500 0.125000
vt 0.968750 0.562500
vt 0.968750 0.593750
vt 0.953125 0.593750
vt 0.953125 0.562500
vt 0.937500 0.593750
vt 0.937500 0.562500
vt 0.953125 0.094039
vt 0.953125 0.064815
vt 0.953125 0.125000
vt 0.937500 0.093895
vt 0.937500 0.062500
vt 0.968750 0.500000
vt 0.968750 0.531250
vt 0.953125 0.531250
vt 0.953125 0.500000
vt 0.937500 0.531250
vt 0.937500 0.500000
vt 0.960938 0.968750
vt 0.953125 0.957899
vt 0.953125 0.935185
vt 0.953125 1.000000
vt 0.945313 0.968750
vt 0.937500 0.937500
vt 0.953125 0.935185
vt 0.953125 0.000000
vt 0.960938 0.031250
vt 0.953125 0.042101
vt 0.945313 0.031250
vt 0.953125 0.064815
vt 0.968750 0.437500
vt 0.968750 0.468750
vt 0.953125 0.468750
vt 0.953125 0.437500
vt 0.937500 0.468750
vt 0.937500 0.437500
vt 0.953125 0.905961
vt 0.953125 0.875000
vt 0.937500 0.906105
vt 0.937500 0.875000
vt 0.968750 0.375000
vt 0.968750 0.406250
vt 0.953125 0.406250
vt 0.953125 0.375000
vt 0.937500 0.406250
vt 0.937500 0.375000
vt 0.968750 0.812500
vt 0.968750 0.843750
vt 0.953125 0.843750
vt 0.953125 0.812500
vt 0.968750 0.875000
vt 0.953125 0.875000
vt 0.937500 0.843750
vt 0.937500 0.812500
vt 0.968750 0.312500
vt 0.968750 0.343750
vt 0.953125 0.343750
vt 0.953125 0.312500
vt 0.937500 0.343750
vt 0.937500 0.312500
vt 0.968750 0.750000
vt 0.968750 0.781250
vt 0.953125 0.781250
vt 0.953125 0.750000
vt 0.937500 0.781250
vt 0.937500 0.750000
vt 0.968750 0.281250
vt 0.953125 0.281250
vt 0.937500 0.281250
vt 0.968750 0.718750
vt 0.953125 0.718750
vt 0.937500 0.718750
vt 0.921875 0.905961
vt 0.921875 0.875000
vt 0.921875 0.935185
vt 0.906250 0.937500
vt 0.906250 0.906105
vt 0.906250 0.875000
vt 0.921875 0.406250
vt 0.921875 0.375000
vt 0.921875 0.437500
vt 0.906250 0.437500
vt 0.906250 0.406250
vt 0.906250 0.375000
vt 0.921875 0.843750
vt 0.921875 0.812500
vt 0.921875 0.875000
vt 0.906250 0.875000
vt 0.906250 0.843750
vt 0.906250 0.812500
vt 0.921875 0.343750
vt 0.921875 0.312500
vt 0.906250 0.343750
vt 0.906250 0.312500
vt 0.921875 0.781250
vt 0.921875 0.750000
vt 0.906250 0.781250
vt 0.906250 0.750000
vt 0.921875 0.281250
vt 0.921875 0.250000
vt 0.906250 0.281250
vt 0.906250 0.250000
vt 0.921875 0.718750
vt 0.921875 0.687500
vt 0.906250 0.718750
vt 0.906250 0.687500
vt 0.921875 0.218750
vt 0.921875 0.187500
vt 0.906250 0.218750
vt 0.906250 0.187500
vt 0.921875 0.656250
vt 0.921875 0.625000
vt 0.906250 0.656250
vt 0.906250 0.625000
vt 0.921875 0.156250
vt 0.921875 0.125000
vt 0.906250 0.156250
vt 0.906250 0.125000
vt 0.921875 0.593750
vt 0.921875 0.562500
vt 0.906250 0.593750
vt 0.906250 0.562500
vt 0.921875 0.094039
vt 0.921875 0.064815
vt 0.921875 0.125000
vt 0.906250 0.125000
vt 0.906250 0.093895
vt 0.906250 0.062500
vt 0.921875 0.531250
vt 0.921875 0.500000
vt 0.906250 0.531250
vt 0.906250 0.500000
vt 0.929688 0.968750
vt 0.921875 0.957899
vt 0.921875 1.000000
vt 0.914063 0.968750
vt 0.921875 0.935185
vt 0.921875 0.000000
vt 0.929688 0.031250
vt 0.921875 0.042101
vt 0.914063 0.031250
vt 0.921875 0.064815
vt 0.921875 0.468750
vt 0.906250 0.468750
vt 0.890625 0.656250
vt 0.890625 0.625000
vt 0.890625 0.687500
vt 0.875000 0.687500
vt 0.875000 0.656250
vt 0.875000 0.625000
vt 0.890625 0.156250
vt 0.890625 0.125000
vt 0.890625 0.187500
vt 0.875000 0.187500
vt 0.875000 0.156250
vt 0.875000 0.125000
vt 0.890625 0.593750
vt 0.890625 0.562500
vt 0.875000 0.593750
vt 0.875000 0.562500
vt 0.890625 0.094039
vt 0.890625 0.064815
vt 0.890625 0.125000
vt 0.875000 0.093895
vt 0.875000 0.062500
vt 0.890625 0.531250
vt 0.890625 0.500000
vt 0.875000 0.531250
vt 0.875000 0.500000
vt 0.898438 0.968750
vt 0.890625 0.957899
vt 0.890625 0.935185
vt 0.890625 1.000000
vt 0.882813 0.968750
vt 0.875000 0.937500
vt 0.890625 0.935185
vt 0.890625 0.000000
vt 0.898438 0.031250
vt 0.890625 0.042101
vt 0.882813 0.031250
vt 0.890625 0.468750
vt 0.890625 0.437500
vt 0.875000 0.468750
vt 0.875000 0.437500
vt 0.890625 0.905961
vt 0.890625 0.875000
vt 0.875000 0.906105
vt 0.875000 0.875000
vt 0.890625 0.406250
vt 0.890625 0.375000
vt 0.875000 0.406250
vt 0.875000 0.375000
vt 0.890625 0.843750
vt 0.890625 0.812500
vt 0.890625 0.875000
vt 0.875000 0.875000
vt 0.875000 0.843750
vt 0.875000 0.812500
vt 0.890625 0.343750
vt 0.890625 0.312500
vt 0.875000 0.343750
vt 0.875000 0.312500
vt 0.890625 0.781250
vt 0.890625 0.750000
vt 0.875000 0.781250
vt 0.875000 0.750000
vt 0.890625 0.281250
vt 0.890625 0.250000
vt 0.875000 0.281250
vt 0.875000 0.250000
vt 0.890625 0.718750
vt 0.875000 0.718750
vt 0.890625 0.218750
vt 0.875000 0.218750
vt 0.859375 0.406250
vt 0.859375 0.375000
vt 0.859375 0.437500
vt 0.843750 0.437500
vt 0.843750 0.406250
vt 0.843750 0.375000
vt 0.859375 0.843750
vt 0.859375 0.812500
vt 0.859375 0.875000
vt 0.843750 0.875000
vt 0.843750 0.843750
vt 0.843750 0.812500
vt 0.859375 0.343750
vt 0.859375 0.312500
vt 0.843750 0.343750
vt 0.843750 0.312500
vt 0.859375 0.781250
vt 0.859375 0.750000
vt 0.843750 0.781250
vt 0.843750 0.750000
vt 0.859375 0.281250
vt 0.859375 0.250000
vt 0.843750 0.281250
vt 0.843750 0.250000
vt 0.859375 0.718750
vt 0.859375 0.687500
vt 0.843750 0.718750
vt 0.843750 0.687500
vt 0.859375 0.218750
vt 0.859375 0.187500
vt 0.843750 0.218750
vt 0.843750 0.187500
vt 0.859375 0.656250
vt 0.859375 0.625000
vt 0.843750 0.656250
vt 0.843750 0.625000
vt 0.859375 0.156250
vt 0.859375 0.125000
vt 0.843750 0.156250
vt 0.843750 0.125000
vt 0.859375 0.593750
vt 0.859375 0.562500
vt 0.843750 0.593750
vt 0.843750 0.562500
vt 0.859375 0.094039
vt 0.859375 0.064815
vt 0.859375 0.125000
vt 0.843750 0.125000
vt 0.843750 0.093895
vt 0.843750 0.062500
vt 0.859375 0.531250
vt 0.859375 0.500000
vt 0.843750 0.531250
vt 0.843750 0.500000
vt 0.867188 0.968750
vt 0.859375 0.957899
vt 0.859375 0.935185
vt 0.859375 1.000000
vt 0.851563 0.968750
vt 0.867188 0.968750
vt 0.843750 0.937500
vt 0.859375 0.935185
vt 0.859375 0.000000
vt 0.867188 0.031250
vt 0.859375 0.042101
vt 0.851563 0.031250
vt 0.859375 0.064815
vt 0.867188 0.031250
vt 0.859375 0.064815
vt 0.859375 0.468750
vt 0.843750 0.468750
vt 0.859375 0.905961
vt 0.859375 0.875000
vt 0.843750 0.906105
vt 0.843750 0.875000
vt 0.828125 0.156250
vt 0.828125 0.125000
vt 0.828125 0.187500
vt 0.812500 0.187500
vt 0.812500 0.156250
vt 0.812500 0.125000
vt 0.828125 0.593750
vt 0.828125 0.562500
vt 0.828125 0.625000
vt 0.812500 0.625000
vt 0.812500 0.593750
vt 0.812500 0.562500
vt 0.828125 0.094039
vt 0.828125 0.064815
vt 0.812500 0.125000
vt 0.812500 0.093895
vt 0.812500 0.062500
vt 0.828125 0.531250
vt 0.828125 0.500000
vt 0.812500 0.531250
vt 0.812500 0.500000
vt 0.835938 0.968750
vt 0.828125 0.957899
vt 0.828125 0.935185
vt 0.828125 1.000000
vt 0.820313 0.968750
vt 0.812500 0.937500
vt 0.828125 0.935185
vt 0.820313 0.968750
vt 0.828125 0.000000
vt 0.835938 0.031250
vt 0.828125 0.042101
vt 0.820313 0.031250
vt 0.828125 0.064815
vt 0.820313 0.031250
vt 0.828125 0.064815
vt 0.828125 0.468750
vt 0.828125 0.437500
vt 0.812500 0.468750
vt 0.812500 0.437500
vt 0.828125 0.905961
vt 0.828125 0.875000
vt 0.812500 0.906105
vt 0.812500 0.875000
vt 0.828125 0.406250
vt 0.828125 0.375000
vt 0.812500 0.406250
vt 0.812500 0.375000
vt 0.828125 0.843750
vt 0.828125 0.812500
vt 0.828125 0.875000
vt 0.812500 0.843750
vt 0.812500 0.812500
vt 0.828125 0.343750
vt 0.828125 0.312500
vt 0.812500 0.343750
vt 0.812500 0.312500
vt 0.828125 0.781250
vt 0.828125 0.750000
vt 0.812500 0.781250
vt 0.812500 0.750000
vt 0.828125 0.281250
vt 0.828125 0.250000
vt 0.812500 0.281250
vt 0.812500 0.250000
vt 0.828125 0.718750
vt 0.828125 0.687500
vt 0.812500 0.718750
vt 0.812500 0.687500
vt 0.828125 0.218750
vt 0.812500 0.218750
vt 0.828125 0.656250
vt 0.812500 0.656250
vt 0.796875 0.843750
vt 0.796875 0.812500
vt 0.796875 0.875000
vt 0.781250 0.875000
vt 0.781250 0.843750
vt 0.781250 0.812500
vt 0.796875 0.343750
vt 0.796875 0.312500
vt 0.796875 0.375000
vt 0.781250 0.375000
vt 0.781250 0.343750
vt 0.781250 0.312500
vt 0.796875 0.781250
vt 0.796875 0.750000
vt 0.781250 0.781250
vt 0.781250 0.750000
vt 0.796875 0.281250
vt 0.796875 0.250000
vt 0.781250 0.281250
vt 0.781250 0.250000
vt 0.796875 0.718750
vt 0.796875 0.687500
vt 0.781250 0.718750
vt 0.781250 0.687500
vt 0.796875 0.218750
vt 0.796875 0.187500
vt 0.781250 0.218750
vt 0.781250 0.187500
vt 0.796875 0.656250
vt 0.796875 0.625000
vt 0.781250 0.656250
vt 0.781250 0.625000
vt 0.796875 0.156250
vt 0.796875 0.125000
vt 0.781250 0.156250
vt 0.781250 0.125000
vt 0.796875 0.593750
vt 0.796875 0.562500
vt 0.781250 0.593750
vt 0.781250 0.562500
vt 0.796875 0.094039
vt 0.796875 0.064815
vt 0.796875 0.125000
vt 0.781250 0.125000
vt 0.781250 0.093895
vt 0.781250 0.062500
vt 0.796875 0.531250
vt 0.796875 0.500000
vt 0.781250 0.531250
vt 0.781250 0.500000
vt 0.804688 0.968750
vt 0.796875 0.957899
vt 0.796875 0.935185
vt 0.796875 1.000000
vt 0.789063 0.968750
vt 0.781250 0.937500
vt 0.796875 0.935185
vt 0.796875 0.000000
vt 0.804688 0.031250
vt 0.796875 0.042101
vt 0.789063 0.031250
vt 0.796875 0.064815
vt 0.804688 0.031250
vt 0.789063 0.031250
vt 0.796875 0.064815
vt 0.796875 0.468750
vt 0.796875 0.437500
vt 0.781250 0.468750
vt 0.781250 0.437500
vt 0.796875 0.905961
vt 0.796875 0.875000
vt 0.781250 0.906105
vt 0.781250 0.875000
vt 0.796875 0.406250
vt 0.781250 0.406250
vt 0.765625 0.593750
vt 0.765625 0.562500
vt 0.765625 0.625000
vt 0.765625 0.094039
vt 0.765625 0.064815
vt 0.765625 0.125000
vt 0.765625 0.531250
vt 0.765625 0.500000
vt 0.773438 0.968750
vt 0.765625 0.957899
vt 0.765625 0.935185
vt 0.765625 1.000000
vt 0.757813 0.968750
vt 0.773438 0.968750
vt 0.765625 0.935185
vt 0.765625 0.000000
vt 0.773438 0.031250
vt 0.765625 0.042101
vt 0.757813 0.031250
vt 0.765625 0.064815
vt 0.773438 0.031250
vt 0.757813 0.031250
vt 0.765625 0.064815
vt 0.765625 0.468750
vt 0.765625 0.437500
vt 0.765625 0.905961
vt 0.765625 0.875000
vt 0.765625 0.406250
vt 0.765625 0.375000
vt 0.765625 0.843750
vt 0.765625 0.812500
vt 0.765625 0.875000
vt 0.765625 0.343750
vt 0.765625 0.312500
vt 0.765625 0.781250
vt 0.765625 0.750000
vt 0.765625 0.281250
vt 0.765625 0.250000
vt 0.765625 0.718750
vt 0.765625 0.687500
vt 0.765625 0.218750
vt 0.765625 0.187500
vt 0.765625 0.656250
vt 0.765625 0.156250
vt 0.765625 0.125000
s 1
usemtl Material.001
f 481/1/481 1379/2/1379 1475/3/1475 1402/4/1402
f 1379/2/1379 480/5/480 1403/6/1403 1475/3/1475
f 1475/3/1475 1403/6/1403 19/7/19 497/8/497
f 1402/4/1402 1475/3/1475 497/8/497 20/9/20
f 3/10/3 1395/11/1395 1476/12/1476 499/13/499
f 1395/11/1395 477/14/477 1404/15/1404 1476/12/1476
f 1476/12/1476 1404/15/1404 12/16/12 490/17/490
f 499/13/499 1476/12/1476 490/17/490 13/18/13
f 482/19/482 1380/20/1380 1477/21/1477 1405/22/1405
f 1380/20/1380 481/23/481 1402/24/1402 1477/21/1477
f 1477/21/1477 1402/24/1402 20/25/20 498/26/498
f 1405/22/1405 1477/21/1477 498/26/498 21/27/21
f 4/28/4 483/29/483 1478/30/1478 500/31/500
f 483/29/483 3/10/3 499/13/499 1478/30/1478
f 1478/30/1478 499/13/499 13/18/13 491/32/491
f 500/31/500 1478/30/1478 491/32/491 14/33/14
f 474/34/474 1390/35/1390 1479/36/1479 1406/37/1406
f 82/38/82 1400/39/1400 1479/36/1479 1390/40/1390
f 7/41/7 1406/42/1406 1479/36/1479 1400/39/1400
f 308/43/308 1399/44/1399 1480/45/1480 1401/46/1401
f 482/19/482 1405/47/1405 1480/45/1480 1399/48/1399
f 21/27/21 1401/46/1401 1480/45/1480 1405/49/1405
f 5/50/5 484/51/484 1481/52/1481 501/53/501
f 484/51/484 4/28/4 500/31/500 1481/52/1481
f 1481/52/1481 500/31/500 14/33/14 492/54/492
f 501/53/501 1481/52/1481 492/54/492 15/55/15
f 475/56/475 1377/57/1377 1482/58/1482 1407/59/1407
f 1377/57/1377 474/34/474 1406/37/1406 1482/58/1482
f 1482/58/1482 1406/37/1406 7/41/7 485/60/485
f 1407/59/1407 1482/58/1482 485/60/485 8/61/8
f 478/62/478 1396/63/1396 1483/64/1483 1408/65/1408
f 1396/63/1396 5/50/5 501/53/501 1483/64/1483
f 1483/64/1483 501/53/501 15/55/15 493/66/493
f 1408/65/1408 1483/64/1483 493/66/493 16/67/16
f 1/68/1 1391/69/1391 1484/70/1484 502/71/502
f 1391/69/1391 475/72/475 1407/59/1407 1484/70/1484
f 1484/70/1484 1407/59/1407 8/73/8 486/74/486
f 502/71/502 1484/70/1484 486/74/486 9/75/9
f 6/76/6 1397/77/1397 1485/78/1485 503/79/503
f 1397/77/1397 478/62/478 1408/65/1408 1485/78/1485
f 1485/78/1485 1408/65/1408 16/67/16 494/80/494
f 503/79/503 1485/78/1485 494/80/494 17/81/17
f 476/82/476 1392/83/1392 1486/84/1486 1409/85/1409
f 1392/83/1392 1/68/1 502/71/502 1486/84/1486
f 1486/84/1486 502/71/502 9/75/9 487/86/487
f 1409/85/1409 1486/84/1486 487/86/487 10/87/10
f 479/88/479 1398/89/1398 1487/90/1487 1410/91/1410
f 1398/89/1398 6/76/6 503/79/503 1487/90/1487
f 1487/90/1487 503/79/503 17/81/17 495/92/495
f 1410/91/1410 1487/90/1487 495/92/495 18/93/18
f 2/94/2 1393/95/1393 1488/96/1488 504/97/504
f 1393/95/1393 476/82/476 1409/85/1409 1488/96/1488
f 1488/96/1488 1409/85/1409 10/87/10 488/98/488
f 504/97/504 1488/96/1488 488/98/488 11/99/11
f 480/5/480 1378/100/1378 1489/101/1489 1403/6/1403
f 1378/100/1378 479/88/479 1410/91/1410 1489/101/1489
f 1489/101/1489 1410/91/1410 18/93/18 496/102/496
f 1403/6/1403 1489/101/1489 496/102/496 19/7/19
f 477/14/477 1394/103/1394 1490/104/1490 1404/15/1404
f 1394/103/1394 2/94/2 504/97/504 1490/104/1490
f 1490/104/1490 504/97/504 11/99/11 489/105/489
f 1404/15/1404 1490/104/1490 489/105/489 12/16/12
f 19/7/19 496/102/496 1491/106/1491 519/107/519
f 496/102/496 18/93/18 520/108/520 1491/106/1491
f 1491/106/1491 520/108/520 33/109/33 516/110/516
f 519/107/519 1491/106/1491 516/110/516 34/111/34
f 12/16/12 489/105/489 1492/112/1492 521/113/521
f 489/105/489 11/99/11 522/114/522 1492/112/1492
f 1492/112/1492 522/114/522 26/115/26 509/116/509
f 521/113/521 1492/112/1492 509/116/509 27/117/27
f 20/9/20 497/8/497 1493/118/1493 523/119/523
f 497/8/497 19/7/19 519/107/519 1493/118/1493
f 1493/118/1493 519/107/519 34/111/34 517/120/517
f 523/119/523 1493/118/1493 517/120/517 35/121/35
f 13/18/13 490/17/490 1494/122/1494 524/123/524
f 490/17/490 12/16/12 521/113/521 1494/122/1494
f 1494/122/1494 521/113/521 27/117/27 510/124/510
f 524/123/524 1494/122/1494 510/124/510 28/125/28
f 21/27/21 498/26/498 1495/126/1495 525/127/525
f 498/26/498 20/25/20 523/128/523 1495/126/1495
f 1495/126/1495 523/128/523 35/129/35 518/130/518
f 525/127/525 1495/126/1495 518/130/518 36/131/36
f 14/33/14 491/32/491 1496/132/1496 526/133/526
f 491/32/491 13/18/13 524/123/524 1496/132/1496
f 1496/132/1496 524/123/524 28/125/28 511/134/511
f 526/133/526 1496/132/1496 511/134/511 29/135/29
f 7/41/7 1400/136/1400 1497/137/1497 527/138/527
f 82/139/82 1411/140/1411 1497/137/1497 1400/141/1400
f 22/142/22 527/143/527 1497/137/1497 1411/144/1411
f 308/145/308 1401/146/1401 1498/147/1498 1412/148/1412
f 21/27/21 525/127/525 1498/147/1498 1401/149/1401
f 36/131/36 1412/150/1412 1498/147/1498 525/127/525
f 15/55/15 492/54/492 1499/151/1499 528/152/528
f 492/54/492 14/33/14 526/133/526 1499/151/1499
f 1499/151/1499 526/133/526 29/135/29 512/153/512
f 528/152/528 1499/151/1499 512/153/512 30/154/30
f 8/61/8 485/60/485 1500/155/1500 529/156/529
f 485/60/485 7/41/7 527/138/527 1500/155/1500
f 1500/155/1500 527/138/527 22/142/22 505/157/505
f 529/156/529 1500/155/1500 505/157/505 23/158/23
f 16/67/16 493/66/493 1501/159/1501 530/160/530
f 493/66/493 15/55/15 528/152/528 1501/159/1501
f 1501/159/1501 528/152/528 30/154/30 513/161/513
f 530/160/530 1501/159/1501 513/161/513 31/162/31
f 9/75/9 486/74/486 1502/163/1502 531/164/531
f 486/74/486 8/73/8 529/165/529 1502/163/1502
f 1502/163/1502 529/165/529 23/166/23 506/167/506
f 531/164/531 1502/163/1502 506/167/506 24/168/24
f 17/81/17 494/80/494 1503/169/1503 532/170/532
f 494/80/494 16/67/16 530/160/530 1503/169/1503
f 1503/169/1503 530/160/530 31/162/31 514/171/514
f 532/170/532 1503/169/1503 514/171/514 32/172/32
f 10/87/10 487/86/487 1504/173/1504 533/174/533
f 487/86/487 9/75/9 531/164/531 1504/173/1504
f 1504/173/1504 531/164/531 24/168/24 507/175/507
f 533/174/533 1504/173/1504 507/175/507 25/176/25
f 18/93/18 495/92/495 1505/177/1505 520/108/520
f 495/92/495 17/81/17 532/170/532 1505/177/1505
f 1505/177/1505 532/170/532 32/172/32 515/178/515
f 520/108/520 1505/177/1505 515/178/515 33/109/33
f 11/99/11 488/98/488 1506/179/1506 522/114/522
f 488/98/488 10/87/10 533/174/533 1506/179/1506
f 1506/179/1506 533/174/533 25/176/25 508/180/508
f 522/114/522 1506/179/1506 508/180/508 26/115/26
f 23/158/23 505/157/505 1507/181/1507 548/182/548
f 505/157/505 22/142/22 549/183/549 1507/181/1507
f 1507/181/1507 549/183/549 37/184/37 534/185/534
f 548/182/548 1507/181/1507 534/185/534 38/186/38
f 31/162/31 513/161/513 1508/187/1508 550/188/550
f 513/161/513 30/154/30 551/189/551 1508/187/1508
f 1508/187/1508 551/189/551 45/190/45 542/191/542
f 550/188/550 1508/187/1508 542/191/542 46/192/46
f 24/168/24 506/167/506 1509/193/1509 552/194/552
f 506/167/506 23/166/23 548/195/548 1509/193/1509
f 1509/193/1509 548/195/548 38/186/38 535/196/535
f 552/194/552 1509/193/1509 535/196/535 39/197/39
f 32/172/32 514/171/514 1510/198/1510 553/199/553
f 514/171/514 31/162/31 550/188/550 1510/198/1510
f 1510/198/1510 550/188/550 46/192/46 543/200/543
f 553/199/553 1510/198/1510 543/200/543 47/201/47
f 25/176/25 507/175/507 1511/202/1511 554/203/554
f 507/175/507 24/168/24 552/194/552 1511/202/1511
f 1511/202/1511 552/194/552 39/197/39 536/204/536
f 554/203/554 1511/202/1511 536/204/536 40/205/40
f 33/109/33 515/178/515 1512/206/1512 555/207/555
f 515/178/515 32/172/32 553/199/553 1512/206/1512
f 1512/206/1512 553/199/553 47/201/47 544/208/544
f 555/207/555 1512/206/1512 544/208/544 48/209/48
f 26/115/26 508/180/508 1513/210/1513 556/211/556
f 508/180/508 25/176/25 554/203/554 1513/210/1513
f 1513/210/1513 554/203/554 40/205/40 537/212/537
f 556/211/556 1513/210/1513 537/212/537 41/213/41
f 34/111/34 516/110/516 1514/214/1514 557/215/557
f 516/110/516 33/109/33 555/207/555 1514/214/1514
f 1514/214/1514 555/207/555 48/209/48 545/216/545
f 557/215/557 1514/214/1514 545/216/545 49/217/49
f 27/117/27 509/116/509 1515/218/1515 558/219/558
f 509/116/509 26/115/26 556/211/556 1515/218/1515
f 1515/218/1515 556/211/556 41/213/41 538/220/538
f 558/219/558 1515/218/1515 538/220/538 42/221/42
f 35/121/35 517/120/517 1516/222/1516 559/223/559
f 517/120/517 34/111/34 557/215/557 1516/222/1516
f 1516/222/1516 557/215/557 49/217/49 546/224/546
f 559/223/559 1516/222/1516 546/224/546 50/225/50
f 28/125/28 510/124/510 1517/226/1517 560/227/560
f 510/124/510 27/117/27 558/219/558 1517/226/1517
f 1517/226/1517 558/219/558 42/221/42 539/228/539
f 560/227/560 1517/226/1517 539/228/539 43/229/43
f 36/131/36 518/130/518 1518/230/1518 561/231/561
f 518/130/518 35/129/35 559/223/559 1518/230/1518
f 1518/230/1518 559/223/559 50/225/50 547/232/547
f 561/231/561 1518/230/1518 547/232/547 51/233/51
f 29/135/29 511/134/511 1519/234/1519 562/235/562
f 511/134/511 28/125/28 560/227/560 1519/234/1519
f 1519/234/1519 560/227/560 43/229/43 540/236/540
f 562/235/562 1519/234/1519 540/236/540 44/237/44
f 22/142/22 1411/238/1411 1520/239/1520 549/183/549
f 82/240/82 1413/241/1413 1520/239/1520 1411/242/1411
f 37/184/37 549/243/549 1520/239/1520 1413/241/1413
f 308/244/308 1412/245/1412 1521/246/1521 1414/247/1414
f 36/131/36 561/248/561 1521/246/1521 1412/249/1412
f 51/233/51 1414/247/1414 1521/246/1521 561/250/561
f 30/154/30 512/153/512 1522/251/1522 551/189/551
f 512/153/512 29/135/29 562/235/562 1522/251/1522
f 1522/251/1522 562/235/562 44/237/44 541/252/541
f 551/189/551 1522/251/1522 541/252/541 45/190/45
f 42/221/42 538/220/538 1523/253/1523 577/254/577
f 538/220/538 41/213/41 578/255/578 1523/253/1523
f 1523/253/1523 578/255/578 56/256/56 567/257/567
f 577/254/577 1523/253/1523 567/257/567 57/258/57
f 50/225/50 546/224/546 1524/259/1524 579/260/579
f 546/224/546 49/217/49 580/261/580 1524/259/1524
f 1524/259/1524 580/261/580 64/262/64 575/263/575
f 579/260/579 1524/259/1524 575/263/575 65/264/65
f 43/229/43 539/228/539 1525/265/1525 581/266/581
f 539/228/539 42/221/42 577/254/577 1525/265/1525
f 1525/265/1525 577/254/577 57/258/57 568/267/568
f 581/266/581 1525/265/1525 568/267/568 58/268/58
f 51/233/51 547/232/547 1526/269/1526 582/270/582
f 547/232/547 50/225/50 579/271/579 1526/269/1526
f 1526/269/1526 579/271/579 65/272/65 576/273/576
f 582/270/582 1526/269/1526 576/273/576 66/274/66
f 44/237/44 540/236/540 1527/275/1527 583/276/583
f 540/236/540 43/229/43 581/266/581 1527/275/1527
f 1527/275/1527 581/266/581 58/268/58 569/277/569
f 583/276/583 1527/275/1527 569/277/569 59/278/59
f 37/184/37 1413/279/1413 1528/280/1528 584/281/584
f 82/282/82 1415/283/1415 1528/280/1528 1413/284/1413
f 52/285/52 584/286/584 1528/280/1528 1415/287/1415
f 308/288/308 1414/289/1414 1529/290/1529 1416/291/1416
f 51/233/51 582/292/582 1529/290/1529 1414/293/1414
f 66/274/66 1416/294/1416 1529/290/1529 582/295/582
f 45/190/45 541/252/541 1530/296/1530 585/297/585
f 541/252/541 44/237/44 583/276/583 1530/296/1530
f 1530/296/1530 583/276/583 59/278/59 570/298/570
f 585/297/585 1530/296/1530 570/298/570 60/299/60
f 38/186/38 534/185/534 1531/300/1531 586/301/586
f 534/185/534 37/184/37 584/281/584 1531/300/1531
f 1531/300/1531 584/281/584 52/285/52 563/302/563
f 586/301/586 1531/300/1531 563/302/563 53/303/53
f 46/192/46 542/191/542 1532/304/1532 587/305/587
f 542/191/542 45/190/45 585/297/585 1532/304/1532
f 1532/304/1532 585/297/585 60/299/60 571/306/571
f 587/305/587 1532/304/1532 571/306/571 61/307/61
f 39/197/39 535/196/535 1533/308/1533 588/309/588
f 535/196/535 38/186/38 586/310/586 1533/308/1533
f 1533/308/1533 586/310/586 53/311/53 564/312/564
f 588/309/588 1533/308/1533 564/312/564 54/313/54
f 47/201/47 543/200/543 1534/314/1534 589/315/589
f 543/200/543 46/192/46 587/305/587 1534/314/1534
f 1534/314/1534 587/305/587 61/307/61 572/316/572
f 589/315/589 1534/314/1534 572/316/572 62/317/62
f 40/205/40 536/204/536 1535/318/1535 590/319/590
f 536/204/536 39/197/39 588/309/588 1535/318/1535
f 1535/318/1535 588/309/588 54/313/54 565/320/565
f 590/319/590 1535/318/1535 565/320/565 55/321/55
f 48/209/48 544/208/544 1536/322/1536 591/323/591
f 544/208/544 47/201/47 589/315/589 1536/322/1536
f 1536/322/1536 589/315/589 62/317/62 573/324/573
f 591/323/591 1536/322/1536 573/324/573 63/325/63
f 41/213/41 537/212/537 1537/326/1537 578/255/578
f 537/212/537 40/205/40 590/319/590 1537/326/1537
f 1537/326/1537 590/319/590 55/321/55 566/327/566
f 578/255/578 1537/326/1537 566/327/566 56/256/56
f 49/217/49 545/216/545 1538/328/1538 580/261/580
f 545/216/545 48/209/48 591/323/591 1538/328/1538
f 1538/328/1538 591/323/591 63/325/63 574/329/574
f 580/261/580 1538/328/1538 574/329/574 64/262/64
f 61/307/61 571/306/571 1539/330/1539 606/331/606
f 571/306/571 60/299/60 607/332/607 1539/330/1539
f 1539/330/1539 607/332/607 75/333/75 600/334/600
f 606/331/606 1539/330/1539 600/334/600 76/335/76
f 54/313/54 564/312/564 1540/336/1540 608/337/608
f 564/312/564 53/311/53 609/338/609 1540/336/1540
f 1540/336/1540 609/338/609 68/339/68 593/340/593
f 608/337/608 1540/336/1540 593/340/593 69/341/69
f 62/317/62 572/316/572 1541/342/1541 610/343/610
f 572/316/572 61/307/61 606/331/606 1541/342/1541
f 1541/342/1541 606/331/606 76/335/76 601/344/601
f 610/343/610 1541/342/1541 601/344/601 77/345/77
f 55/321/55 565/320/565 1542/346/1542 611/347/611
f 565/320/565 54/313/54 608/337/608 1542/346/1542
f 1542/346/1542 608/337/608 69/341/69 594/348/594
f 611/347/611 1542/346/1542 594/348/594 70/349/70
f 63/325/63 573/324/573 1543/350/1543 612/351/612
f 573/324/573 62/317/62 610/343/610 1543/350/1543
f 1543/350/1543 610/343/610 77/345/77 602/352/602
f 612/351/612 1543/350/1543 602/352/602 78/353/78
f 56/256/56 566/327/566 1544/354/1544 613/355/613
f 566/327/566 55/321/55 611/347/611 1544/354/1544
f 1544/354/1544 611/347/611 70/349/70 595/356/595
f 613/355/613 1544/354/1544 595/356/595 71/357/71
f 64/262/64 574/329/574 1545/358/1545 614/359/614
f 574/329/574 63/325/63 612/351/612 1545/358/1545
f 1545/358/1545 612/351/612 78/353/78 603/360/603
f 614/359/614 1545/358/1545 603/360/603 79/361/79
f 57/258/57 567/257/567 1546/362/1546 615/363/615
f 567/257/567 56/256/56 613/355/613 1546/362/1546
f 1546/362/1546 613/355/613 71/357/71 596/364/596
f 615/363/615 1546/362/1546 596/364/596 72/365/72
f 65/264/65 575/263/575 1547/366/1547 616/367/616
f 575/263/575 64/262/64 614/359/614 1547/366/1547
f 1547/366/1547 614/359/614 79/361/79 604/368/604
f 616/367/616 1547/366/1547 604/368/604 80/369/80
f 58/268/58 568/267/568 1548/370/1548 617/371/617
f 568/267/568 57/258/57 615/363/615 1548/370/1548
f 1548/370/1548 615/363/615 72/365/72 597/372/597
f 617/371/617 1548/370/1548 597/372/597 73/373/73
f 66/274/66 576/273/576 1549/374/1549 618/375/618
f 576/273/576 65/272/65 616/367/616 1549/374/1549
f 1549/374/1549 616/367/616 80/376/80 605/377/605
f 618/375/618 1549/374/1549 605/377/605 81/378/81
f 59/278/59 569/277/569 1550/379/1550 619/380/619
f 569/277/569 58/268/58 617/371/617 1550/379/1550
f 1550/379/1550 617/371/617 73/373/73 598/381/598
f 619/380/619 1550/379/1550 598/381/598 74/382/74
f 52/285/52 1415/383/1415 1551/384/1551 620/385/620
f 82/386/82 1417/387/1417 1551/384/1551 1415/383/1415
f 67/388/67 620/389/620 1551/384/1551 1417/390/1417
f 308/391/308 1416/392/1416 1552/393/1552 1418/394/1418
f 66/274/66 618/395/618 1552/393/1552 1416/392/1416
f 81/378/81 1418/396/1418 1552/393/1552 618/375/618
f 60/299/60 570/298/570 1553/397/1553 607/332/607
f 570/298/570 59/278/59 619/380/619 1553/397/1553
f 1553/397/1553 619/380/619 74/382/74 599/398/599
f 607/332/607 1553/397/1553 599/398/599 75/333/75
f 53/303/53 563/302/563 1554/399/1554 609/400/609
f 563/302/563 52/285/52 620/385/620 1554/399/1554
f 1554/399/1554 620/385/620 67/388/67 592/401/592
f 609/400/609 1554/399/1554 592/401/592 68/402/68
f 80/369/80 604/368/604 1555/403/1555 636/404/636
f 604/368/604 79/361/79 637/405/637 1555/403/1555
f 1555/403/1555 637/405/637 95/406/95 634/407/634
f 636/404/636 1555/403/1555 634/407/634 96/408/96
f 73/373/73 597/372/597 1556/409/1556 638/410/638
f 597/372/597 72/365/72 639/411/639 1556/409/1556
f 1556/409/1556 639/411/639 88/412/88 627/413/627
f 638/410/638 1556/409/1556 627/413/627 89/414/89
f 81/378/81 605/377/605 1557/415/1557 640/416/640
f 605/377/605 80/376/80 636/417/636 1557/415/1557
f 1557/415/1557 636/417/636 96/418/96 635/419/635
f 640/416/640 1557/415/1557 635/419/635 97/420/97
f 74/382/74 598/381/598 1558/421/1558 641/422/641
f 598/381/598 73/373/73 638/410/638 1558/421/1558
f 1558/421/1558 638/410/638 89/414/89 628/423/628
f 641/422/641 1558/421/1558 628/423/628 90/424/90
f 67/388/67 1417/425/1417 1559/426/1559 642/427/642
f 82/428/82 621/429/621 1559/426/1559 1417/430/1417
f 83/431/83 642/432/642 1559/426/1559 621/429/621
f 308/433/308 1418/434/1418 1560/435/1560 1419/436/1419
f 81/378/81 640/416/640 1560/435/1560 1418/437/1418
f 97/420/97 1419/436/1419 1560/435/1560 640/438/640
f 75/333/75 599/398/599 1561/439/1561 643/440/643
f 599/398/599 74/382/74 641/422/641 1561/439/1561
f 1561/439/1561 641/422/641 90/424/90 629/441/629
f 643/440/643 1561/439/1561 629/441/629 91/442/91
f 68/402/68 592/401/592 1562/443/1562 644/444/644
f 592/401/592 67/388/67 642/427/642 1562/443/1562
f 1562/443/1562 642/427/642 83/431/83 622/445/622
f 644/444/644 1562/443/1562 622/445/622 84/446/84
f 76/335/76 600/334/600 1563/447/1563 645/448/645
f 600/334/600 75/333/75 643/440/643 1563/447/1563
f 1563/447/1563 643/440/643 91/442/91 630/449/630
f 645/448/645 1563/447/1563 630/449/630 92/450/92
f 69/341/69 593/340/593 1564/451/1564 646/452/646
f 593/340/593 68/339/68 644/453/644 1564/451/1564
f 1564/451/1564 644/453/644 84/446/84 623/454/623
f 646/452/646 1564/451/1564 623/454/623 85/455/85
f 77/345/77 601/344/601 1565/456/1565 647/457/647
f 601/344/601 76/335/76 645/448/645 1565/456/1565
f 1565/456/1565 645/448/645 92/450/92 631/458/631
f 647/457/647 1565/456/1565 631/458/631 93/459/93
f 70/349/70 594/348/594 1566/460/1566 648/461/648
f 594/348/594 69/341/69 646/452/646 1566/460/1566
f 1566/460/1566 646/452/646 85/455/85 624/462/624
f 648/461/648 1566/460/1566 624/462/624 86/463/86
f 78/353/78 602/352/602 1567/464/1567 649/465/649
f 602/352/602 77/345/77 647/457/647 1567/464/1567
f 1567/464/1567 647/457/647 93/459/93 632/466/632
f 649/465/649 1567/464/1567 632/466/632 94/467/94
f 71/357/71 595/356/595 1568/468/1568 650/469/650
f 595/356/595 70/349/70 648/461/648 1568/468/1568
f 1568/468/1568 648/461/648 86/463/86 625/470/625
f 650/469/650 1568/468/1568 625/470/625 87/471/87
f 79/361/79 603/360/603 1569/472/1569 637/405/637
f 603/360/603 78/353/78 649/465/649 1569/472/1569
f 1569/472/1569 649/465/649 94/467/94 633/473/633
f 637/405/637 1569/472/1569 633/473/633 95/406/95
f 72/365/72 596/364/596 1570/474/1570 639/411/639
f 596/364/596 71/357/71 650/469/650 1570/474/1570
f 1570/474/1570 650/469/650 87/471/87 626/475/626
f 639/411/639 1570/474/1570 626/475/626 88/412/88
f 93/459/93 631/458/631 1571/476/1571 665/477/665
f 631/458/631 92/450/92 666/478/666 1571/476/1571
f 1571/476/1571 666/478/666 107/479/107 660/480/660
f 665/477/665 1571/476/1571 660/480/660 108/481/108
f 86/463/86 624/462/624 1572/482/1572 667/483/667
f 624/462/624 85/455/85 668/484/668 1572/482/1572
f 1572/482/1572 668/484/668 100/485/100 653/486/653
f 667/483/667 1572/482/1572 653/486/653 101/487/101
f 94/467/94 632/466/632 1573/488/1573 669/489/669
f 632/466/632 93/459/93 665/477/665 1573/488/1573
f 1573/488/1573 665/477/665 108/481/108 661/490/661
f 669/489/669 1573/488/1573 661/490/661 109/491/109
f 87/471/87 625/470/625 1574/492/1574 670/493/670
f 625/470/625 86/463/86 667/483/667 1574/492/1574
f 1574/492/1574 667/483/667 101/487/101 654/494/654
f 670/493/670 1574/492/1574 654/494/654 102/495/102
f 95/406/95 633/473/633 1575/496/1575 671/497/671
f 633/473/633 94/467/94 669/489/669 1575/496/1575
f 1575/496/1575 669/489/669 109/491/109 662/498/662
f 671/497/671 1575/496/1575 662/498/662 110/499/110
f 88/412/88 626/475/626 1576/500/1576 672/501/672
f 626/475/626 87/471/87 670/493/670 1576/500/1576
f 1576/500/1576 670/493/670 102/495/102 655/502/655
f 672/501/672 1576/500/1576 655/502/655 103/503/103
f 96/408/96 634/407/634 1577/504/1577 673/505/673
f 634/407/634 95/406/95 671/497/671 1577/504/1577
f 1577/504/1577 671/497/671 110/499/110 663/506/663
f 673/505/673 1577/504/1577 663/506/663 111/507/111
f 89/414/89 627/413/627 1578/508/1578 674/509/674
f 627/413/627 88/412/88 672/501/672 1578/508/1578
f 1578/508/1578 672/501/672 103/503/103 656/510/656
f 674/509/674 1578/508/1578 656/510/656 104/511/104
f 97/420/97 635/419/635 1579/512/1579 675/513/675
f 635/419/635 96/418/96 673/505/673 1579/512/1579
f 1579/512/1579 673/505/673 111/514/111 664/515/664
f 675/513/675 1579/512/1579 664/515/664 112/516/112
f 90/424/90 628/423/628 1580/517/1580 676/518/676
f 628/423/628 89/414/89 674/509/674 1580/517/1580
f 1580/517/1580 674/509/674 104/511/104 657/519/657
f 676/518/676 1580/517/1580 657/519/657 105/520/105
f 83/431/83 621/521/621 1581/522/1581 677/523/677
f 82/524/82 1420/525/1420 1581/522/1581 621/521/621
f 98/526/98 677/527/677 1581/522/1581 1420/525/1420
f 308/528/308 1419/529/1419 1582/530/1582 1421/531/1421
f 97/420/97 675/532/675 1582/530/1582 1419/529/1419
f 112/516/112 1421/531/1421 1582/530/1582 675/513/675
f 91/442/91 629/441/629 1583/533/1583 678/534/678
f 629/441/629 90/424/90 676/518/676 1583/533/1583
f 1583/533/1583 676/518/676 105/520/105 658/535/658
f 678/534/678 1583/533/1583 658/535/658 106/536/106
f 84/446/84 622/445/622 1584/537/1584 679/538/679
f 622/445/622 83/431/83 677/523/677 1584/537/1584
f 1584/537/1584 677/523/677 98/526/98 651/539/651
f 679/538/679 1584/537/1584 651/539/651 99/540/99
f 92/450/92 630/449/630 1585/541/1585 666/478/666
f 630/449/630 91/442/91 678/534/678 1585/541/1585
f 1585/541/1585 678/534/678 106/536/106 659/542/659
f 666/478/666 1585/541/1585 659/542/659 107/479/107
f 85/455/85 623/454/623 1586/543/1586 668/484/668
f 623/454/623 84/446/84 679/544/679 1586/543/1586
f 1586/543/1586 679/544/679 99/540/99 652/545/652
f 668/484/668 1586/543/1586 652/545/652 100/485/100
f 112/516/112 664/515/664 1587/546/1587 694/547/694
f 664/515/664 111/514/111 695/548/695 1587/546/1587
f 1587/546/1587 695/548/695 126/549/126 693/550/693
f 694/547/694 1587/546/1587 693/550/693 127/551/127
f 105/520/105 657/519/657 1588/552/1588 696/553/696
f 657/519/657 104/511/104 697/554/697 1588/552/1588
f 1588/552/1588 697/554/697 119/555/119 686/556/686
f 696/553/696 1588/552/1588 686/556/686 120/557/120
f 98/526/98 1420/558/1420 1589/559/1589 698/560/698
f 82/561/82 1422/562/1422 1589/559/1589 1420/558/1420
f 113/563/113 698/564/698 1589/559/1589 1422/562/1422
f 308/565/308 1421/566/1421 1590/567/1590 1423/568/1423
f 112/516/112 694/547/694 1590/567/1590 1421/566/1421
f 127/551/127 1423/568/1423 1590/567/1590 694/547/694
f 106/536/106 658/535/658 1591/569/1591 699/570/699
f 658/535/658 105/520/105 696/553/696 1591/569/1591
f 1591/569/1591 696/553/696 120/557/120 687/571/687
f 699/570/699 1591/569/1591 687/571/687 121/572/121
f 99/540/99 651/539/651 1592/573/1592 700/574/700
f 651/539/651 98/526/98 698/560/698 1592/573/1592
f 1592/573/1592 698/560/698 113/563/113 680/575/680
f 700/574/700 1592/573/1592 680/575/680 114/576/114
f 107/479/107 659/542/659 1593/577/1593 701/578/701
f 659/542/659 106/536/106 699/570/699 1593/577/1593
f 1593/577/1593 699/570/699 121/572/121 688/579/688
f 701/578/701 1593/577/1593 688/579/688 122/580/122
f 100/485/100 652/545/652 1594/581/1594 702/582/702
f 652/545/652 99/540/99 700/583/700 1594/581/1594
f 1594/581/1594 700/583/700 114/576/114 681/584/681
f 702/582/702 1594/581/1594 681/584/681 115/585/115
f 108/481/108 660/480/660 1595/586/1595 703/587/703
f 660/480/660 107/479/107 701/578/701 1595/586/1595
f 1595/586/1595 701/578/701 122/580/122 689/588/689
f 703/587/703 1595/586/1595 689/588/689 123/589/123
f 101/487/101 653/486/653 1596/590/1596 704/591/704
f 653/486/653 100/485/100 702/582/702 1596/590/1596
f 1596/590/1596 702/582/702 115/585/115 682/592/682
f 704/591/704 1596/590/1596 682/592/682 116/593/116
f 109/491/109 661/490/661 1597/594/1597 705/595/705
f 661/490/661 108/481/108 703/587/703 1597/594/1597
f 1597/594/1597 703/587/703 123/589/123 690/596/690
f 705/595/705 1597/594/1597 690/596/690 124/597/124
f 102/495/102 654/494/654 1598/598/1598 706/599/706
f 654/494/654 101/487/101 704/591/704 1598/598/1598
f 1598/598/1598 704/591/704 116/593/116 683/600/683
f 706/599/706 1598/598/1598 683/600/683 117/601/117
f 110/499/110 662/498/662 1599/602/1599 707/603/707
f 662/498/662 109/491/109 705/595/705 1599/602/1599
f 1599/602/1599 705/595/705 124/597/124 691/604/691
f 707/603/707 1599/602/1599 691/604/691 125/605/125
f 103/503/103 655/502/655 1600/606/1600 708/607/708
f 655/502/655 102/495/102 706/599/706 1600/606/1600
f 1600/606/1600 706/599/706 117/601/117 684/608/684
f 708/607/708 1600/606/1600 684/608/684 118/609/118
f 111/507/111 663/506/663 1601/610/1601 695/611/695
f 663/506/663 110/499/110 707/603/707 1601/610/1601
f 1601/610/1601 707/603/707 125/605/125 692/612/692
f 695/611/695 1601/610/1601 692/612/692 126/613/126
f 104/511/104 656/510/656 1602/614/1602 697/554/697
f 656/510/656 103/503/103 708/607/708 1602/614/1602
f 1602/614/1602 708/607/708 118/609/118 685/615/685
f 697/554/697 1602/614/1602 685/615/685 119/555/119
f 116/593/116 682/592/682 1603/616/1603 723/617/723
f 682/592/682 115/585/115 724/618/724 1603/616/1603
f 1603/616/1603 724/618/724 130/619/130 711/620/711
f 723/617/723 1603/616/1603 711/620/711 131/621/131
f 124/597/124 690/596/690 1604/622/1604 725/623/725
f 690/596/690 123/589/123 726/624/726 1604/622/1604
f 1604/622/1604 726/624/726 138/625/138 719/626/719
f 725/623/725 1604/622/1604 719/626/719 139/627/139
f 117/601/117 683/600/683 1605/628/1605 727/629/727
f 683/600/683 116/593/116 723/617/723 1605/628/1605
f 1605/628/1605 723/617/723 131/621/131 712/630/712
f 727/629/727 1605/628/1605 712/630/712 132/631/132
f 125/605/125 691/604/691 1606/632/1606 728/633/728
f 691/604/691 124/597/124 725/623/725 1606/632/1606
f 1606/632/1606 725/623/725 139/627/139 720/634/720
f 728/633/728 1606/632/1606 720/634/720 140/635/140
f 118/609/118 684/608/684 1607/636/1607 729/637/729
f 684/608/684 117/601/117 727/629/727 1607/636/1607
f 1607/636/1607 727/629/727 132/631/132 713/638/713
f 729/637/729 1607/636/1607 713/638/713 133/639/133
f 126/613/126 692/612/692 1608/640/1608 730/641/730
f 692/612/692 125/605/125 728/633/728 1608/640/1608
f 1608/640/1608 728/633/728 140/635/140 721/642/721
f 730/641/730 1608/640/1608 721/642/721 141/643/141
f 119/555/119 685/615/685 1609/644/1609 731/645/731
f 685/615/685 118/609/118 729/637/729 1609/644/1609
f 1609/644/1609 729/637/729 133/639/133 714/646/714
f 731/645/731 1609/644/1609 714/646/714 134/647/134
f 127/551/127 693/550/693 1610/648/1610 732/649/732
f 693/550/693 126/549/126 730/650/730 1610/648/1610
f 1610/648/1610 730/650/730 141/651/141 722/652/722
f 732/649/732 1610/648/1610 722/652/722 142/653/142
f 120/557/120 686/556/686 1611/654/1611 733/655/733
f 686/556/686 119/555/119 731/645/731 1611/654/1611
f 1611/654/1611 731/645/731 134/647/134 715/656/715
f 733/655/733 1611/654/1611 715/656/715 135/657/135
f 113/563/113 1422/658/1422 1612/659/1612 734/660/734
f 82/661/82 1424/662/1424 1612/659/1612 1422/658/1422
f 128/663/128 734/664/734 1612/659/1612 1424/662/1424
f 308/665/308 1423/666/1423 1613/667/1613 1425/668/1425
f 127/551/127 732/669/732 1613/667/1613 1423/666/1423
f 142/653/142 1425/668/1425 1613/667/1613 732/669/732
f 121/572/121 687/571/687 1614/670/1614 735/671/735
f 687/571/687 120/557/120 733/655/733 1614/670/1614
f 1614/670/1614 733/655/733 135/657/135 716/672/716
f 735/671/735 1614/670/1614 716/672/716 136/673/136
f 114/576/114 680/575/680 1615/674/1615 736/675/736
f 680/575/680 113/563/113 734/660/734 1615/674/1615
f 1615/674/1615 734/660/734 128/663/128 709/676/709
f 736/675/736 1615/674/1615 709/676/709 129/677/129
f 122/580/122 688/579/688 1616/678/1616 737/679/737
f 688/579/688 121/572/121 735/671/735 1616/678/1616
f 1616/678/1616 735/671/735 136/673/136 717/680/717
f 737/679/737 1616/678/1616 717/680/717 137/681/137
f 115/585/115 681/584/681 1617/682/1617 724/618/724
f 681/584/681 114/576/114 736/683/736 1617/682/1617
f 1617/682/1617 736/683/736 129/677/129 710/684/710
f 724/618/724 1617/682/1617 710/684/710 130/619/130
f 123/589/123 689/588/689 1618/685/1618 726/624/726
f 689/588/689 122/580/122 737/679/737 1618/685/1618
f 1618/685/1618 737/679/737 137/681/137 718/686/718
f 726/624/726 1618/685/1618 718/686/718 138/625/138
f 135/657/135 715/656/715 1619/687/1619 752/688/752
f 715/656/715 134/647/134 753/689/753 1619/687/1619
f 1619/687/1619 753/689/753 149/690/149 744/691/744
f 752/688/752 1619/687/1619 744/691/744 150/692/150
f 128/663/128 1424/693/1424 1620/694/1620 754/695/754
f 82/696/82 1426/697/1426 1620/694/1620 1424/693/1424
f 143/698/143 754/699/754 1620/694/1620 1426/697/1426
f 308/700/308 1425/701/1425 1621/702/1621 1427/703/1427
f 142/653/142 755/704/755 1621/702/1621 1425/701/1425
f 157/705/157 1427/703/1427 1621/702/1621 755/706/755
f 136/673/136 716/672/716 1622/707/1622 756/708/756
f 716/672/716 135/657/135 752/688/752 1622/707/1622
f 1622/707/1622 752/688/752 150/692/150 745/709/745
f 756/708/756 1622/707/1622 745/709/745 151/710/151
f 129/677/129 709/676/709 1623/711/1623 757/712/757
f 709/676/709 128/663/128 754/695/754 1623/711/1623
f 1623/711/1623 754/695/754 143/698/143 738/713/738
f 757/712/757 1623/711/1623 738/713/738 144/714/144
f 137/681/137 717/680/717 1624/715/1624 758/716/758
f 717/680/717 136/673/136 756/708/756 1624/715/1624
f 1624/715/1624 756/708/756 151/710/151 746/717/746
f 758/716/758 1624/715/1624 746/717/746 152/718/152
f 130/619/130 710/684/710 1625/719/1625 759/720/759
f 710/684/710 129/677/129 757/721/757 1625/719/1625
f 1625/719/1625 757/721/757 144/722/144 739/723/739
f 759/720/759 1625/719/1625 739/723/739 145/724/145
f 138/625/138 718/686/718 1626/725/1626 760/726/760
f 718/686/718 137/681/137 758/716/758 1626/725/1626
f 1626/725/1626 758/716/758 152/718/152 747/727/747
f 760/726/760 1626/725/1626 747/727/747 153/728/153
f 131/621/131 711/620/711 1627/729/1627 761/730/761
f 711/620/711 130/619/130 759/720/759 1627/729/1627
f 1627/729/1627 759/720/759 145/724/145 740/731/740
f 761/730/761 1627/729/1627 740/731/740 146/732/146
f 139/627/139 719/626/719 1628/733/1628 762/734/762
f 719/626/719 138/625/138 760/726/760 1628/733/1628
f 1628/733/1628 760/726/760 153/728/153 748/735/748
f 762/734/762 1628/733/1628 748/735/748 154/736/154
f 132/631/132 712/630/712 1629/737/1629 763/738/763
f 712/630/712 131/621/131 761/730/761 1629/737/1629
f 1629/737/1629 761/730/761 146/732/146 741/739/741
f 763/738/763 1629/737/1629 741/739/741 147/740/147
f 140/635/140 720/634/720 1630/741/1630 764/742/764
f 720/634/720 139/627/139 762/734/762 1630/741/1630
f 1630/741/1630 762/734/762 154/736/154 749/743/749
f 764/742/764 1630/741/1630 749/743/749 155/744/155
f 133/639/133 713/638/713 1631/745/1631 765/746/765
f 713/638/713 132/631/132 763/738/763 1631/745/1631
f 1631/745/1631 763/738/763 147/740/147 742/747/742
f 765/746/765 1631/745/1631 742/747/742 148/748/148
f 141/643/141 721/642/721 1632/749/1632 766/750/766
f 721/642/721 140/635/140 764/742/764 1632/749/1632
f 1632/749/1632 764/742/764 155/744/155 750/751/750
f 766/750/766 1632/749/1632 750/751/750 156/752/156
f 134/647/134 714/646/714 1633/753/1633 753/689/753
f 714/646/714 133/639/133 765/746/765 1633/753/1633
f 1633/753/1633 765/746/765 148/748/148 743/754/743
f 753/689/753 1633/753/1633 743/754/743 149/690/149
f 142/653/142 722/652/722 1634/755/1634 755/706/755
f 722/652/722 141/651/141 766/756/766 1634/755/1634
f 1634/755/1634 766/756/766 156/757/156 751/758/751
f 755/706/755 1634/755/1634 751/758/751 157/705/157
f 154/736/154 748/735/748 1635/759/1635 781/760/781
f 748/735/748 153/728/153 782/761/782 1635/759/1635
f 1635/759/1635 782/761/782 168/762/168 777/763/777
f 781/760/781 1635/759/1635 777/763/777 169/764/169
f 147/740/147 741/739/741 1636/765/1636 783/766/783
f 741/739/741 146/732/146 784/767/784 1636/765/1636
f 1636/765/1636 784/767/784 161/768/161 770/769/770
f 783/766/783 1636/765/1636 770/769/770 162/770/162
f 155/744/155 749/743/749 1637/771/1637 785/772/785
f 749/743/749 154/736/154 781/760/781 1637/771/1637
f 1637/771/1637 781/760/781 169/764/169 778/773/778
f 785/772/785 1637/771/1637 778/773/778 170/774/170
f 148/748/148 742/747/742 1638/775/1638 786/776/786
f 742/747/742 147/740/147 783/766/783 1638/775/1638
f 1638/775/1638 783/766/783 162/770/162 771/777/771
f 786/776/786 1638/775/1638 771/777/771 163/778/163
f 156/752/156 750/751/750 1639/779/1639 787/780/787
f 750/751/750 155/744/155 785/772/785 1639/779/1639
f 1639/779/1639 785/772/785 170/774/170 779/781/779
f 787/780/787 1639/779/1639 779/781/779 171/782/171
f 149/690/149 743/754/743 1640/783/1640 788/784/788
f 743/754/743 148/748/148 786/776/786 1640/783/1640
f 1640/783/1640 786/776/786 163/778/163 772/785/772
f 788/784/788 1640/783/1640 772/785/772 164/786/164
f 157/705/157 751/758/751 1641/787/1641 789/788/789
f 751/758/751 156/757/156 787/789/787 1641/787/1641
f 1641/787/1641 787/789/787 171/790/171 780/791/780
f 789/788/789 1641/787/1641 780/791/780 172/792/172
f 150/692/150 744/691/744 1642/793/1642 790/794/790
f 744/691/744 149/690/149 788/784/788 1642/793/1642
f 1642/793/1642 788/784/788 164/786/164 773/795/773
f 790/794/790 1642/793/1642 773/795/773 165/796/165
f 143/698/143 1426/797/1426 1643/798/1643 791/799/791
f 82/800/82 1428/801/1428 1643/798/1643 1426/797/1426
f 158/802/158 791/803/791 1643/798/1643 1428/801/1428
f 308/804/308 1427/805/1427 1644/806/1644 1429/807/1429
f 157/705/157 789/808/789 1644/806/1644 1427/805/1427
f 172/792/172 1429/807/1429 1644/806/1644 789/809/789
f 151/710/151 745/709/745 1645/810/1645 792/811/792
f 745/709/745 150/692/150 790/794/790 1645/810/1645
f 1645/810/1645 790/794/790 165/796/165 774/812/774
f 792/811/792 1645/810/1645 774/812/774 166/813/166
f 144/714/144 738/713/738 1646/814/1646 793/815/793
f 738/713/738 143/698/143 791/799/791 1646/814/1646
f 1646/814/1646 791/799/791 158/802/158 767/816/767
f 793/815/793 1646/814/1646 767/816/767 159/817/159
f 152/718/152 746/717/746 1647/818/1647 794/819/794
f 746/717/746 151/710/151 792/811/792 1647/818/1647
f 1647/818/1647 792/811/792 166/813/166 775/820/775
f 794/819/794 1647/818/1647 775/820/775 167/821/167
f 145/724/145 739/723/739 1648/822/1648 795/823/795
f 739/723/739 144/722/144 793/824/793 1648/822/1648
f 1648/822/1648 793/824/793 159/825/159 768/826/768
f 795/823/795 1648/822/1648 768/826/768 160/827/160
f 153/728/153 747/727/747 1649/828/1649 782/761/782
f 747/727/747 152/718/152 794/819/794 1649/828/1649
f 1649/828/1649 794/819/794 167/821/167 776/829/776
f 782/761/782 1649/828/1649 776/829/776 168/762/168
f 146/732/146 740/731/740 1650/830/1650 784/767/784
f 740/731/740 145/724/145 795/823/795 1650/830/1650
f 1650/830/1650 795/823/795 160/827/160 769/831/769
f 784/767/784 1650/830/1650 769/831/769 161/768/161
f 158/802/158 1428/832/1428 1651/833/1651 810/834/810
f 82/835/82 1430/836/1430 1651/833/1651 1428/837/1428
f 173/838/173 810/839/810 1651/833/1651 1430/836/1430
f 308/840/308 1429/841/1429 1652/842/1652 1431/843/1431
f 172/792/172 811/844/811 1652/842/1652 1429/845/1429
f 187/846/187 1431/843/1431 1652/842/1652 811/844/811
f 166/813/166 774/812/774 1653/847/1653 812/848/812
f 774/812/774 165/796/165 813/849/813 1653/847/1653
f 1653/847/1653 813/849/813 180/850/180 803/851/803
f 812/848/812 1653/847/1653 803/851/803 181/852/181
f 159/817/159 767/816/767 1654/853/1654 814/854/814
f 767/816/767 158/802/158 810/834/810 1654/853/1654
f 1654/853/1654 810/834/810 173/838/173 796/855/796
f 814/854/814 1654/853/1654 796/855/796 174/856/174
f 167/821/167 775/820/775 1655/857/1655 815/858/815
f 775/820/775 166/813/166 812/848/812 1655/857/1655
f 1655/857/1655 812/848/812 181/852/181 804/859/804
f 815/858/815 1655/857/1655 804/859/804 182/860/182
f 160/827/160 768/826/768 1656/861/1656 816/862/816
f 768/826/768 159/825/159 814/863/814 1656/861/1656
f 1656/861/1656 814/863/814 174/856/174 797/864/797
f 816/862/816 1656/861/1656 797/864/797 175/865/175
f 168/762/168 776/829/776 1657/866/1657 817/867/817
f 776/829/776 167/821/167 815/858/815 1657/866/1657
f 1657/866/1657 815/858/815 182/860/182 805/868/805
f 817/867/817 1657/866/1657 805/868/805 183/869/183
f 161/768/161 769/831/769 1658/870/1658 818/871/818
f 769/831/769 160/827/160 816/862/816 1658/870/1658
f 1658/870/1658 816/862/816 175/865/175 798/872/798
f 818/871/818 1658/870/1658 798/872/798 176/873/176
f 169/764/169 777/763/777 1659/874/1659 819/875/819
f 777/763/777 168/762/168 817/867/817 1659/874/1659
f 1659/874/1659 817/867/817 183/869/183 806/876/806
f 819/875/819 1659/874/1659 806/876/806 184/877/184
f 162/770/162 770/769/770 1660/878/1660 820/879/820
f 770/769/770 161/768/161 818/871/818 1660/878/1660
f 1660/878/1660 818/871/818 176/873/176 799/880/799
f 820/879/820 1660/878/1660 799/880/799 177/881/177
f 170/774/170 778/773/778 1661/882/1661 821/883/821
f 778/773/778 169/764/169 819/875/819 1661/882/1661
f 1661/882/1661 819/875/819 184/877/184 807/884/807
f 821/883/821 1661/882/1661 807/884/807 185/885/185
f 163/778/163 771/777/771 1662/886/1662 822/887/822
f 771/777/771 162/770/162 820/879/820 1662/886/1662
f 1662/886/1662 820/879/820 177/881/177 800/888/800
f 822/887/822 1662/886/1662 800/888/800 178/889/178
f 171/782/171 779/781/779 1663/890/1663 823/891/823
f 779/781/779 170/774/170 821/883/821 1663/890/1663
f 1663/890/1663 821/883/821 185/885/185 808/892/808
f 823/891/823 1663/890/1663 808/892/808 186/893/186
f 164/786/164 772/785/772 1664/894/1664 824/895/824
f 772/785/772 163/778/163 822/887/822 1664/894/1664
f 1664/894/1664 822/887/822 178/889/178 801/896/801
f 824/895/824 1664/894/1664 801/896/801 179/897/179
f 172/792/172 780/791/780 1665/898/1665 811/899/811
f 780/791/780 171/790/171 823/891/823 1665/898/1665
f 1665/898/1665 823/891/823 186/900/186 809/901/809
f 811/899/811 1665/898/1665 809/901/809 187/846/187
f 165/796/165 773/795/773 1666/902/1666 813/849/813
f 773/795/773 164/786/164 824/895/824 1666/902/1666
f 1666/902/1666 824/895/824 179/897/179 802/903/802
f 813/849/813 1666/902/1666 802/903/802 180/850/180
f 177/881/177 799/880/799 1667/904/1667 839/905/839
f 799/880/799 176/873/176 840/906/840 1667/904/1667
f 1667/904/1667 840/906/840 191/907/191 828/908/828
f 839/905/839 1667/904/1667 828/908/828 192/909/192
f 185/885/185 807/884/807 1668/910/1668 841/911/841
f 807/884/807 184/877/184 842/912/842 1668/910/1668
f 1668/910/1668 842/912/842 199/913/199 836/914/836
f 841/911/841 1668/910/1668 836/914/836 200/915/200
f 178/889/178 800/888/800 1669/916/1669 843/917/843
f 800/888/800 177/881/177 839/905/839 1669/916/1669
f 1669/916/1669 839/905/839 192/909/192 829/918/829
f 843/917/843 1669/916/1669 829/918/829 193/919/193
f 186/893/186 808/892/808 1670/920/1670 844/921/844
f 808/892/808 185/885/185 841/911/841 1670/920/1670
f 1670/920/1670 841/911/841 200/915/200 837/922/837
f 844/921/844 1670/920/1670 837/922/837 201/923/201
f 179/897/179 801/896/801 1671/924/1671 845/925/845
f 801/896/801 178/889/178 843/917/843 1671/924/1671
f 1671/924/1671 843/917/843 193/919/193 830/926/830
f 845/925/845 1671/924/1671 830/926/830 194/927/194
f 187/846/187 809/901/809 1672/928/1672 846/929/846
f 809/901/809 186/900/186 844/930/844 1672/928/1672
f 1672/928/1672 844/930/844 201/931/201 838/932/838
f 846/929/846 1672/928/1672 838/932/838 202/933/202
f 180/850/180 802/903/802 1673/934/1673 847/935/847
f 802/903/802 179/897/179 845/925/845 1673/934/1673
f 1673/934/1673 845/925/845 194/927/194 831/936/831
f 847/935/847 1673/934/1673 831/936/831 195/937/195
f 173/838/173 1430/938/1430 1674/939/1674 848/940/848
f 82/941/82 1432/942/1432 1674/939/1674 1430/943/1430
f 188/944/188 848/945/848 1674/939/1674 1432/942/1432
f 308/946/308 1431/947/1431 1675/948/1675 1433/949/1433
f 187/846/187 846/929/846 1675/948/1675 1431/950/1431
f 202/933/202 1433/949/1433 1675/948/1675 846/951/846
f 181/852/181 803/851/803 1676/952/1676 849/953/849
f 803/851/803 180/850/180 847/935/847 1676/952/1676
f 1676/952/1676 847/935/847 195/937/195 832/954/832
f 849/953/849 1676/952/1676 832/954/832 196/955/196
f 174/856/174 796/855/796 1677/956/1677 850/957/850
f 796/855/796 173/838/173 848/940/848 1677/956/1677
f 1677/956/1677 848/940/848 188/944/188 825/958/825
f 850/957/850 1677/956/1677 825/958/825 189/959/189
f 182/860/182 804/859/804 1678/960/1678 851/961/851
f 804/859/804 181/852/181 849/953/849 1678/960/1678
f 1678/960/1678 849/953/849 196/955/196 833/962/833
f 851/961/851 1678/960/1678 833/962/833 197/963/197
f 175/865/175 797/864/797 1679/964/1679 852/965/852
f 797/864/797 174/856/174 850/966/850 1679/964/1679
f 1679/964/1679 850/966/850 189/967/189 826/968/826
f 852/965/852 1679/964/1679 826/968/826 190/969/190
f 183/869/183 805/868/805 1680/970/1680 853/971/853
f 805/868/805 182/860/182 851/961/851 1680/970/1680
f 1680/970/1680 851/961/851 197/963/197 834/972/834
f 853/971/853 1680/970/1680 834/972/834 198/973/198
f 176/873/176 798/872/798 1681/974/1681 840/906/840
f 798/872/798 175/865/175 852/965/852 1681/974/1681
f 1681/974/1681 852/965/852 190/969/190 827/975/827
f 840/906/840 1681/974/1681 827/975/827 191/907/191
f 184/877/184 806/876/806 1682/976/1682 842/912/842
f 806/876/806 183/869/183 853/971/853 1682/976/1682
f 1682/976/1682 853/971/853 198/973/198 835/977/835
f 842/912/842 1682/976/1682 835/977/835 199/913/199
f 196/955/196 832/954/832 1683/978/1683 868/979/868
f 832/954/832 195/937/195 869/980/869 1683/978/1683
f 1683/978/1683 869/980/869 210/981/210 861/982/861
f 868/979/868 1683/978/1683 861/982/861 211/983/211
f 189/959/189 825/958/825 1684/984/1684 870/985/870
f 825/958/825 188/944/188 871/986/871 1684/984/1684
f 1684/984/1684 871/986/871 203/987/203 854/988/854
f 870/985/870 1684/984/1684 854/988/854 204/989/204
f 197/963/197 833/962/833 1685/990/1685 872/991/872
f 833/962/833 196/955/196 868/979/868 1685/990/1685
f 1685/990/1685 868/979/868 211/983/211 862/992/862
f 872/991/872 1685/990/1685 862/992/862 212/993/212
f 190/969/190 826/968/826 1686/994/1686 873/995/873
f 826/968/826 189/967/189 870/996/870 1686/994/1686
f 1686/994/1686 870/996/870 204/997/204 855/998/855
f 873/995/873 1686/994/1686 855/998/855 205/999/205
f 198/973/198 834/972/834 1687/1000/1687 874/1001/874
f 834/972/834 197/963/197 872/991/872 1687/1000/1687
f 1687/1000/1687 872/991/872 212/993/212 863/1002/863
f 874/1001/874 1687/1000/1687 863/1002/863 213/1003/213
f 191/907/191 827/975/827 1688/1004/1688 875/1005/875
f 827/975/827 190/969/190 873/995/873 1688/1004/1688
f 1688/1004/1688 873/995/873 205/999/205 856/1006/856
f 875/1005/875 1688/1004/1688 856/1006/856 206/1007/206
f 199/913/199 835/977/835 1689/1008/1689 876/1009/876
f 835/977/835 198/973/198 874/1001/874 1689/1008/1689
f 1689/1008/1689 874/1001/874 213/1003/213 864/1010/864
f 876/1009/876 1689/1008/1689 864/1010/864 214/1011/214
f 192/909/192 828/908/828 1690/1012/1690 877/1013/877
f 828/908/828 191/907/191 875/1005/875 1690/1012/1690
f 1690/1012/1690 875/1005/875 206/1007/206 857/1014/857
f 877/1013/877 1690/1012/1690 857/1014/857 207/1015/207
f 200/915/200 836/914/836 1691/1016/1691 878/1017/878
f 836/914/836 199/913/199 876/1009/876 1691/1016/1691
f 1691/1016/1691 876/1009/876 214/1011/214 865/1018/865
f 878/1017/878 1691/1016/1691 865/1018/865 215/1019/215
f 193/919/193 829/918/829 1692/1020/1692 879/1021/879
f 829/918/829 192/909/192 877/1013/877 1692/1020/1692
f 1692/1020/1692 877/1013/877 207/1015/207 858/1022/858
f 879/1021/879 1692/1020/1692 858/1022/858 208/1023/208
f 201/923/201 837/922/837 1693/1024/1693 880/1025/880
f 837/922/837 200/915/200 878/1017/878 1693/1024/1693
f 1693/1024/1693 878/1017/878 215/1019/215 866/1026/866
f 880/1025/880 1693/1024/1693 866/1026/866 216/1027/216
f 194/927/194 830/926/830 1694/1028/1694 881/1029/881
f 830/926/830 193/919/193 879/1021/879 1694/1028/1694
f 1694/1028/1694 879/1021/879 208/1023/208 859/1030/859
f 881/1029/881 1694/1028/1694 859/1030/859 209/1031/209
f 202/933/202 838/932/838 1695/1032/1695 882/1033/882
f 838/932/838 201/931/201 880/1034/880 1695/1032/1695
f 1695/1032/1695 880/1034/880 216/1035/216 867/1036/867
f 882/1033/882 1695/1032/1695 867/1036/867 217/1037/217
f 195/937/195 831/936/831 1696/1038/1696 869/980/869
f 831/936/831 194/927/194 881/1029/881 1696/1038/1696
f 1696/1038/1696 881/1029/881 209/1031/209 860/1039/860
f 869/980/869 1696/1038/1696 860/1039/860 210/981/210
f 188/944/188 1432/1040/1432 1697/1041/1697 871/986/871
f 82/1042/82 1434/1043/1434 1697/1041/1697 1432/1044/1432
f 203/987/203 871/1045/871 1697/1041/1697 1434/1043/1434
f 308/1046/308 1433/1047/1433 1698/1048/1698 1435/1049/1435
f 202/933/202 882/1050/882 1698/1048/1698 1433/1051/1433
f 217/1037/217 1435/1049/1435 1698/1048/1698 882/1033/882
f 215/1019/215 865/1018/865 1699/1052/1699 897/1053/897
f 865/1018/865 214/1011/214 898/1054/898 1699/1052/1699
f 1699/1052/1699 898/1054/898 229/1055/229 894/1056/894
f 897/1053/897 1699/1052/1699 894/1056/894 230/1057/230
f 208/1023/208 858/1022/858 1700/1058/1700 899/1059/899
f 858/1022/858 207/1015/207 900/1060/900 1700/1058/1700
f 1700/1058/1700 900/1060/900 222/1061/222 887/1062/887
f 899/1059/899 1700/1058/1700 887/1062/887 223/1063/223
f 216/1027/216 866/1026/866 1701/1064/1701 901/1065/901
f 866/1026/866 215/1019/215 897/1053/897 1701/1064/1701
f 1701/1064/1701 897/1053/897 230/1057/230 895/1066/895
f 901/1065/901 1701/1064/1701 895/1066/895 231/1067/231
f 209/1031/209 859/1030/859 1702/1068/1702 902/1069/902
f 859/1030/859 208/1023/208 899/1059/899 1702/1068/1702
f 1702/1068/1702 899/1059/899 223/1063/223 888/1070/888
f 902/1069/902 1702/1068/1702 888/1070/888 224/1071/224
f 217/1037/217 867/1036/867 1703/1072/1703 903/1073/903
f 867/1036/867 216/1035/216 901/1065/901 1703/1072/1703
f 1703/1072/1703 901/1065/901 231/1074/231 896/1075/896
f 903/1073/903 1703/1072/1703 896/1075/896 232/1076/232
f 210/981/210 860/1039/860 1704/1077/1704 904/1078/904
f 860/1039/860 209/1031/209 902/1069/902 1704/1077/1704
f 1704/1077/1704 902/1069/902 224/1071/224 889/1079/889
f 904/1078/904 1704/1077/1704 889/1079/889 225/1080/225
f 203/987/203 1434/1081/1434 1705/1082/1705 905/1083/905
f 82/1084/82 1436/1085/1436 1705/1082/1705 1434/1086/1434
f 218/1087/218 905/1088/905 1705/1082/1705 1436/1089/1436
f 308/1090/308 1435/1091/1435 1706/1092/1706 1437/1093/1437
f 217/1037/217 903/1094/903 1706/1092/1706 1435/1095/1435
f 232/1076/232 1437/1096/1437 1706/1092/1706 903/1094/903
f 211/983/211 861/982/861 1707/1097/1707 906/1098/906
f 861/982/861 210/981/210 904/1078/904 1707/1097/1707
f 1707/1097/1707 904/1078/904 225/1080/225 890/1099/890
f 906/1098/906 1707/1097/1707 890/1099/890 226/1100/226
f 204/989/204 854/988/854 1708/1101/1708 907/1102/907
f 854/988/854 203/987/203 905/1083/905 1708/1101/1708
f 1708/1101/1708 905/1083/905 218/1087/218 883/1103/883
f 907/1102/907 1708/1101/1708 883/1103/883 219/1104/219
f 212/993/212 862/992/862 1709/1105/1709 908/1106/908
f 862/992/862 211/983/211 906/1098/906 1709/1105/1709
f 1709/1105/1709 906/1098/906 226/1100/226 891/1107/891
f 908/1106/908 1709/1105/1709 891/1107/891 227/1108/227
f 205/999/205 855/998/855 1710/1109/1710 909/1110/909
f 855/998/855 204/997/204 907/1111/907 1710/1109/1710
f 1710/1109/1710 907/1111/907 219/1112/219 884/1113/884
f 909/1110/909 1710/1109/1710 884/1113/884 220/1114/220
f 213/1003/213 863/1002/863 1711/1115/1711 910/1116/910
f 863/1002/863 212/993/212 908/1106/908 1711/1115/1711
f 1711/1115/1711 908/1106/908 227/1108/227 892/1117/892
f 910/1116/910 1711/1115/1711 892/1117/892 228/1118/228
f 206/1007/206 856/1006/856 1712/1119/1712 911/1120/911
f 856/1006/856 205/999/205 909/1110/909 1712/1119/1712
f 1712/1119/1712 909/1110/909 220/1114/220 885/1121/885
f 911/1120/911 1712/1119/1712 885/1121/885 221/1122/221
f 214/1011/214 864/1010/864 1713/1123/1713 898/1054/898
f 864/1010/864 213/1003/213 910/1116/910 1713/1123/1713
f 1713/1123/1713 910/1116/910 228/1118/228 893/1124/893
f 898/1054/898 1713/1123/1713 893/1124/893 229/1055/229
f 207/1015/207 857/1014/857 1714/1125/1714 900/1060/900
f 857/1014/857 206/1007/206 911/1120/911 1714/1125/1714
f 1714/1125/1714 911/1120/911 221/1122/221 886/1126/886
f 900/1060/900 1714/1125/1714 886/1126/886 222/1061/222
f 227/1108/227 891/1107/891 1715/1127/1715 926/1128/926
f 891/1107/891 226/1100/226 927/1129/927 1715/1127/1715
f 1715/1127/1715 927/1129/927 241/1130/241 920/1131/920
f 926/1128/926 1715/1127/1715 920/1131/920 242/1132/242
f 220/1114/220 884/1113/884 1716/1133/1716 928/1134/928
f 884/1113/884 219/1112/219 929/1135/929 1716/1133/1716
f 1716/1133/1716 929/1135/929 234/1136/234 913/1137/913
f 928/1134/928 1716/1133/1716 913/1137/913 235/1138/235
f 228/1118/228 892/1117/892 1717/1139/1717 930/1140/930
f 892/1117/892 227/1108/227 926/1128/926 1717/1139/1717
f 1717/1139/1717 926/1128/926 242/1132/242 921/1141/921
f 930/1140/930 1717/1139/1717 921/1141/921 243/1142/243
f 221/1122/221 885/1121/885 1718/1143/1718 931/1144/931
f 885/1121/885 220/1114/220 928/1134/928 1718/1143/1718
f 1718/1143/1718 928/1134/928 235/1138/235 914/1145/914
f 931/1144/931 1718/1143/1718 914/1145/914 236/1146/236
f 229/1055/229 893/1124/893 1719/1147/1719 932/1148/932
f 893/1124/893 228/1118/228 930/1140/930 1719/1147/1719
f 1719/1147/1719 930/1140/930 243/1142/243 922/1149/922
f 932/1148/932 1719/1147/1719 922/1149/922 244/1150/244
f 222/1061/222 886/1126/886 1720/1151/1720 933/1152/933
f 886/1126/886 221/1122/221 931/1144/931 1720/1151/1720
f 1720/1151/1720 931/1144/931 236/1146/236 915/1153/915
f 933/1152/933 1720/1151/1720 915/1153/915 237/1154/237
f 230/1057/230 894/1056/894 1721/1155/1721 934/1156/934
f 894/1056/894 229/1055/229 932/1148/932 1721/1155/1721
f 1721/1155/1721 932/1148/932 244/1150/244 923/1157/923
f 934/1156/934 1721/1155/1721 923/1157/923 245/1158/245
f 223/1063/223 887/1062/887 1722/1159/1722 935/1160/935
f 887/1062/887 222/1061/222 933/1152/933 1722/1159/1722
f 1722/1159/1722 933/1152/933 237/1154/237 916/1161/916
f 935/1160/935 1722/1159/1722 916/1161/916 238/1162/238
f 231/1067/231 895/1066/895 1723/1163/1723 936/1164/936
f 895/1066/895 230/1057/230 934/1156/934 1723/1163/1723
f 1723/1163/1723 934/1156/934 245/1158/245 924/1165/924
f 936/1164/936 1723/1163/1723 924/1165/924 246/1166/246
f 224/1071/224 888/1070/888 1724/1167/1724 937/1168/937
f 888/1070/888 223/1063/223 935/1160/935 1724/1167/1724
f 1724/1167/1724 935/1160/935 238/1162/238 917/1169/917
f 937/1168/937 1724/1167/1724 917/1169/917 239/1170/239
f 232/1076/232 896/1075/896 1725/1171/1725 938/1172/938
f 896/1075/896 231/1074/231 936/1173/936 1725/1171/1725
f 1725/1171/1725 936/1173/936 246/1174/246 925/1175/925
f 938/1172/938 1725/1171/1725 925/1175/925 247/1176/247
f 225/1080/225 889/1079/889 1726/1177/1726 939/1178/939
f 889/1079/889 224/1071/224 937/1168/937 1726/1177/1726
f 1726/1177/1726 937/1168/937 239/1170/239 918/1179/918
f 939/1178/939 1726/1177/1726 918/1179/918 240/1180/240
f 218/1087/218 1436/1181/1436 1727/1182/1727 940/1183/940
f 82/1184/82 1438/1185/1438 1727/1182/1727 1436/1181/1436
f 233/1186/233 940/1187/940 1727/1182/1727 1438/1185/1438
f 308/1188/308 1437/1189/1437 1728/1190/1728 1439/1191/1439
f 232/1076/232 938/1172/938 1728/1190/1728 1437/1189/1437
f 247/1176/247 1439/1191/1439 1728/1190/1728 938/1172/938
f 226/1100/226 890/1099/890 1729/1192/1729 927/1129/927
f 890/1099/890 225/1080/225 939/1178/939 1729/1192/1729
f 1729/1192/1729 939/1178/939 240/1180/240 919/1193/919
f 927/1129/927 1729/1192/1729 919/1193/919 241/1130/241
f 219/1104/219 883/1103/883 1730/1194/1730 929/1195/929
f 883/1103/883 218/1087/218 940/1183/940 1730/1194/1730
f 1730/1194/1730 940/1183/940 233/1186/233 912/1196/912
f 929/1195/929 1730/1194/1730 912/1196/912 234/1197/234
f 246/1166/246 924/1165/924 1731/1198/1731 955/1199/955
f 924/1165/924 245/1158/245 956/1200/956 1731/1198/1731
f 1731/1198/1731 956/1200/956 260/1201/260 953/1202/953
f 955/1199/955 1731/1198/1731 953/1202/953 261/1203/261
f 239/1170/239 917/1169/917 1732/1204/1732 957/1205/957
f 917/1169/917 238/1162/238 958/1206/958 1732/1204/1732
f 1732/1204/1732 958/1206/958 253/1207/253 946/1208/946
f 957/1205/957 1732/1204/1732 946/1208/946 254/1209/254
f 247/1176/247 925/1175/925 1733/1210/1733 959/1211/959
f 925/1175/925 246/1174/246 955/1199/955 1733/1210/1733
f 1733/1210/1733 955/1199/955 261/1212/261 954/1213/954
f 959/1211/959 1733/1210/1733 954/1213/954 262/1214/262
f 240/1180/240 918/1179/918 1734/1215/1734 960/1216/960
f 918/1179/918 239/1170/239 957/1205/957 1734/1215/1734
f 1734/1215/1734 957/1205/957 254/1209/254 947/1217/947
f 960/1216/960 1734/1215/1734 947/1217/947 255/1218/255
f 233/1186/233 1438/1219/1438 1735/1220/1735 961/1221/961
f 82/1222/82 1440/1223/1440 1735/1220/1735 1438/1219/1438
f 248/1224/248 961/1225/961 1735/1220/1735 1440/1223/1440
f 308/1226/308 1439/1227/1439 1736/1228/1736 1441/1229/1441
f 247/1176/247 959/1230/959 1736/1228/1736 1439/1227/1439
f 262/1214/262 1441/1229/1441 1736/1228/1736 959/1231/959
f 241/1130/241 919/1193/919 1737/1232/1737 962/1233/962
f 919/1193/919 240/1180/240 960/1216/960 1737/1232/1737
f 1737/1232/1737 960/1216/960 255/1218/255 948/1234/948
f 962/1233/962 1737/1232/1737 948/1234/948 256/1235/256
f 234/1197/234 912/1196/912 1738/1236/1738 963/1237/963
f 912/1196/912 233/1186/233 961/1221/961 1738/1236/1738
f 1738/1236/1738 961/1221/961 248/1224/248 941/1238/941
f 963/1237/963 1738/1236/1738 941/1238/941 249/1239/249
f 242/1132/242 920/1131/920 1739/1240/1739 964/1241/964
f 920/1131/920 241/1130/241 962/1233/962 1739/1240/1739
f 1739/1240/1739 962/1233/962 256/1235/256 949/1242/949
f 964/1241/964 1739/1240/1739 949/1242/949 257/1243/257
f 235/1138/235 913/1137/913 1740/1244/1740 965/1245/965
f 913/1137/913 234/1136/234 963/1246/963 1740/1244/1740
f 1740/1244/1740 963/1246/963 249/1247/249 942/1248/942
f 965/1245/965 1740/1244/1740 942/1248/942 250/1249/250
f 243/1142/243 921/1141/921 1741/1250/1741 966/1251/966
f 921/1141/921 242/1132/242 964/1241/964 1741/1250/1741
f 1741/1250/1741 964/1241/964 257/1243/257 950/1252/950
f 966/1251/966 1741/1250/1741 950/1252/950 258/1253/258
f 236/1146/236 914/1145/914 1742/1254/1742 967/1255/967
f 914/1145/914 235/1138/235 965/1245/965 1742/1254/1742
f 1742/1254/1742 965/1245/965 250/1249/250 943/1256/943
f 967/1255/967 1742/1254/1742 943/1256/943 251/1257/251
f 244/1150/244 922/1149/922 1743/1258/1743 968/1259/968
f 922/1149/922 243/1142/243 966/1251/966 1743/1258/1743
f 1743/1258/1743 966/1251/966 258/1253/258 951/1260/951
f 968/1259/968 1743/1258/1743 951/1260/951 259/1261/259
f 237/1154/237 915/1153/915 1744/1262/1744 969/1263/969
f 915/1153/915 236/1146/236 967/1255/967 1744/1262/1744
f 1744/1262/1744 967/1255/967 251/1257/251 944/1264/944
f 969/1263/969 1744/1262/1744 944/1264/944 252/1265/252
f 245/1158/245 923/1157/923 1745/1266/1745 956/1200/956
f 923/1157/923 244/1150/244 968/1259/968 1745/1266/1745
f 1745/1266/1745 968/1259/968 259/1261/259 952/1267/952
f 956/1200/956 1745/1266/1745 952/1267/952 260/1201/260
f 238/1162/238 916/1161/916 1746/1268/1746 958/1206/958
f 916/1161/916 237/1154/237 969/1263/969 1746/1268/1746
f 1746/1268/1746 969/1263/969 252/1265/252 945/1269/945
f 958/1206/958 1746/1268/1746 945/1269/945 253/1207/253
f 250/1249/250 942/1248/942 1747/1270/1747 984/1271/984
f 942/1248/942 249/1247/249 985/1272/985 1747/1270/1747
f 1747/1270/1747 985/1272/985 264/1273/264 971/1274/971
f 984/1271/984 1747/1270/1747 971/1274/971 265/1275/265
f 258/1253/258 950/1252/950 1748/1276/1748 986/1277/986
f 950/1252/950 257/1243/257 987/1278/987 1748/1276/1748
f 1748/1276/1748 987/1278/987 272/1279/272 979/1280/979
f 986/1277/986 1748/1276/1748 979/1280/979 273/1281/273
f 251/1257/251 943/1256/943 1749/1282/1749 988/1283/988
f 943/1256/943 250/1249/250 984/1271/984 1749/1282/1749
f 1749/1282/1749 984/1271/984 265/1275/265 972/1284/972
f 988/1283/988 1749/1282/1749 972/1284/972 266/1285/266
f 259/1261/259 951/1260/951 1750/1286/1750 989/1287/989
f 951/1260/951 258/1253/258 986/1277/986 1750/1286/1750
f 1750/1286/1750 986/1277/986 273/1281/273 980/1288/980
f 989/1287/989 1750/1286/1750 980/1288/980 274/1289/274
f 252/1265/252 944/1264/944 1751/1290/1751 990/1291/990
f 944/1264/944 251/1257/251 988/1283/988 1751/1290/1751
f 1751/1290/1751 988/1283/988 266/1285/266 973/1292/973
f 990/1291/990 1751/1290/1751 973/1292/973 267/1293/267
f 260/1201/260 952/1267/952 1752/1294/1752 991/1295/991
f 952/1267/952 259/1261/259 989/1287/989 1752/1294/1752
f 1752/1294/1752 989/1287/989 274/1289/274 981/1296/981
f 991/1295/991 1752/1294/1752 981/1296/981 275/1297/275
f 253/1207/253 945/1269/945 1753/1298/1753 992/1299/992
f 945/1269/945 252/1265/252 990/1291/990 1753/1298/1753
f 1753/1298/1753 990/1291/990 267/1293/267 974/1300/974
f 992/1299/992 1753/1298/1753 974/1300/974 268/1301/268
f 261/1203/261 953/1202/953 1754/1302/1754 993/1303/993
f 953/1202/953 260/1201/260 991/1295/991 1754/1302/1754
f 1754/1302/1754 991/1295/991 275/1297/275 982/1304/982
f 993/1303/993 1754/1302/1754 982/1304/982 276/1305/276
f 254/1209/254 946/1208/946 1755/1306/1755 994/1307/994
f 946/1208/946 253/1207/253 992/1299/992 1755/1306/1755
f 1755/1306/1755 992/1299/992 268/1301/268 975/1308/975
f 994/1307/994 1755/1306/1755 975/1308/975 269/1309/269
f 262/1214/262 954/1213/954 1756/1310/1756 995/1311/995
f 954/1213/954 261/1212/261 993/1312/993 1756/1310/1756
f 1756/1310/1756 993/1312/993 276/1313/276 983/1314/983
f 995/1311/995 1756/1310/1756 983/1314/983 277/1315/277
f 255/1218/255 947/1217/947 1757/1316/1757 996/1317/996
f 947/1217/947 254/1209/254 994/1307/994 1757/1316/1757
f 1757/1316/1757 994/1307/994 269/1309/269 976/1318/976
f 996/1317/996 1757/1316/1757 976/1318/976 270/1319/270
f 248/1224/248 1440/1320/1440 1758/1321/1758 997/1322/997
f 82/1323/82 1442/1324/1442 1758/1321/1758 1440/1325/1440
f 263/1326/263 997/1327/997 1758/1321/1758 1442/1324/1442
f 308/1328/308 1441/1329/1441 1759/1330/1759 1443/1331/1443
f 262/1214/262 995/1311/995 1759/1330/1759 1441/1332/1441
f 277/1315/277 1443/1331/1443 1759/1330/1759 995/1333/995
f 256/1235/256 948/1234/948 1760/1334/1760 998/1335/998
f 948/1234/948 255/1218/255 996/1317/996 1760/1334/1760
f 1760/1334/1760 996/1317/996 270/1319/270 977/1336/977
f 998/1335/998 1760/1334/1760 977/1336/977 271/1337/271
f 249/1239/249 941/1238/941 1761/1338/1761 985/1339/985
f 941/1238/941 248/1224/248 997/1322/997 1761/1338/1761
f 1761/1338/1761 997/1322/997 263/1326/263 970/1340/970
f 985/1339/985 1761/1338/1761 970/1340/970 264/1341/264
f 257/1243/257 949/1242/949 1762/1342/1762 987/1278/987
f 949/1242/949 256/1235/256 998/1335/998 1762/1342/1762
f 1762/1342/1762 998/1335/998 271/1337/271 978/1343/978
f 987/1278/987 1762/1342/1762 978/1343/978 272/1279/272
f 269/1309/269 975/1308/975 1763/1344/1763 1013/1345/1013
f 975/1308/975 268/1301/268 1014/1346/1014 1763/1344/1763
f 1763/1344/1763 1014/1346/1014 283/1347/283 1004/1348/1004
f 1013/1345/1013 1763/1344/1763 1004/1348/1004 284/1349/284
f 277/1315/277 983/1314/983 1764/1350/1764 1015/1351/1015
f 983/1314/983 276/1313/276 1016/1352/1016 1764/1350/1764
f 1764/1350/1764 1016/1352/1016 291/1353/291 1012/1354/1012
f 1015/1351/1015 1764/1350/1764 1012/1354/1012 292/1355/292
f 270/1319/270 976/1318/976 1765/1356/1765 1017/1357/1017
f 976/1318/976 269/1309/269 1013/1345/1013 1765/1356/1765
f 1765/1356/1765 1013/1345/1013 284/1349/284 1005/1358/1005
f 1017/1357/1017 1765/1356/1765 1005/1358/1005 285/1359/285
f 263/1326/263 1442/1360/1442 1766/1361/1766 1018/1362/1018
f 82/1363/82 1444/1364/1444 1766/1361/1766 1442/1360/1442
f 278/1365/278 1018/1366/1018 1766/1361/1766 1444/1364/1444
f 308/1367/308 1443/1368/1443 1767/1369/1767 1445/1370/1445
f 277/1315/277 1015/1371/1015 1767/1369/1767 1443/1368/1443
f 292/1355/292 1445/1370/1445 1767/1369/1767 1015/1371/1015
f 271/1337/271 977/1336/977 1768/1372/1768 1019/1373/1019
f 977/1336/977 270/1319/270 1017/1357/1017 1768/1372/1768
f 1768/1372/1768 1017/1357/1017 285/1359/285 1006/1374/1006
f 1019/1373/1019 1768/1372/1768 1006/1374/1006 286/1375/286
f 264/1341/264 970/1340/970 1769/1376/1769 1020/1377/1020
f 970/1340/970 263/1326/263 1018/1362/1018 1769/1376/1769
f 1769/1376/1769 1018/1362/1018 278/1365/278 999/1378/999
f 1020/1377/1020 1769/1376/1769 999/1378/999 279/1379/279
f 272/1279/272 978/1343/978 1770/1380/1770 1021/1381/1021
f 978/1343/978 271/1337/271 1019/1373/1019 1770/1380/1770
f 1770/1380/1770 1019/1373/1019 286/1375/286 1007/1382/1007
f 1021/1381/1021 1770/1380/1770 1007/1382/1007 287/1383/287
f 265/1275/265 971/1274/971 1771/1384/1771 1022/1385/1022
f 971/1274/971 264/1273/264 1020/1386/1020 1771/1384/1771
f 1771/1384/1771 1020/1386/1020 279/1387/279 1000/1388/1000
f 1022/1385/1022 1771/1384/1771 1000/1388/1000 280/1389/280
f 273/1281/273 979/1280/979 1772/1390/1772 1023/1391/1023
f 979/1280/979 272/1279/272 1021/1381/1021 1772/1390/1772
f 1772/1390/1772 1021/1381/1021 287/1383/287 1008/1392/1008
f 1023/1391/1023 1772/1390/1772 1008/1392/1008 288/1393/288
f 266/1285/266 972/1284/972 1773/1394/1773 1024/1395/1024
f 972/1284/972 265/1275/265 1022/1385/1022 1773/1394/1773
f 1773/1394/1773 1022/1385/1022 280/1389/280 1001/1396/1001
f 1024/1395/1024 1773/1394/1773 1001/1396/1001 281/1397/281
f 274/1289/274 980/1288/980 1774/1398/1774 1025/1399/1025
f 980/1288/980 273/1281/273 1023/1391/1023 1774/1398/1774
f 1774/1398/1774 1023/1391/1023 288/1393/288 1009/1400/1009
f 1025/1399/1025 1774/1398/1774 1009/1400/1009 289/1401/289
f 267/1293/267 973/1292/973 1775/1402/1775 1026/1403/1026
f 973/1292/973 266/1285/266 1024/1395/1024 1775/1402/1775
f 1775/1402/1775 1024/1395/1024 281/1397/281 1002/1404/1002
f 1026/1403/1026 1775/1402/1775 1002/1404/1002 282/1405/282
f 275/1297/275 981/1296/981 1776/1406/1776 1027/1407/1027
f 981/1296/981 274/1289/274 1025/1399/1025 1776/1406/1776
f 1776/1406/1776 1025/1399/1025 289/1401/289 1010/1408/1010
f 1027/1407/1027 1776/1406/1776 1010/1408/1010 290/1409/290
f 268/1301/268 974/1300/974 1777/1410/1777 1014/1346/1014
f 974/1300/974 267/1293/267 1026/1403/1026 1777/1410/1777
f 1777/1410/1777 1026/1403/1026 282/1405/282 1003/1411/1003
f 1014/1346/1014 1777/1410/1777 1003/1411/1003 283/1347/283
f 276/1305/276 982/1304/982 1778/1412/1778 1016/1413/1016
f 982/1304/982 275/1297/275 1027/1407/1027 1778/1412/1778
f 1778/1412/1778 1027/1407/1027 290/1409/290 1011/1414/1011
f 1016/1413/1016 1778/1412/1778 1011/1414/1011 291/1415/291
f 288/1393/288 1008/1392/1008 1779/1416/1779 1043/1417/1043
f 1008/1392/1008 287/1383/287 1044/1418/1044 1779/1416/1779
f 1779/1416/1779 1044/1418/1044 302/1419/302 1037/1420/1037
f 1043/1417/1043 1779/1416/1779 1037/1420/1037 303/1421/303
f 281/1397/281 1001/1396/1001 1780/1422/1780 1045/1423/1045
f 1001/1396/1001 280/1389/280 1046/1424/1046 1780/1422/1780
f 1780/1422/1780 1046/1424/1046 295/1425/295 1030/1426/1030
f 1045/1423/1045 1780/1422/1780 1030/1426/1030 296/1427/296
f 289/1401/289 1009/1400/1009 1781/1428/1781 1047/1429/1047
f 1009/1400/1009 288/1393/288 1043/1417/1043 1781/1428/1781
f 1781/1428/1781 1043/1417/1043 303/1421/303 1038/1430/1038
f 1047/1429/1047 1781/1428/1781 1038/1430/1038 304/1431/304
f 282/1405/282 1002/1404/1002 1782/1432/1782 1048/1433/1048
f 1002/1404/1002 281/1397/281 1045/1423/1045 1782/1432/1782
f 1782/1432/1782 1045/1423/1045 296/1427/296 1031/1434/1031
f 1048/1433/1048 1782/1432/1782 1031/1434/1031 297/1435/297
f 290/1409/290 1010/1408/1010 1783/1436/1783 1049/1437/1049
f 1010/1408/1010 289/1401/289 1047/1429/1047 1783/1436/1783
f 1783/1436/1783 1047/1429/1047 304/1431/304 1039/1438/1039
f 1049/1437/1049 1783/1436/1783 1039/1438/1039 305/1439/305
f 283/1347/283 1003/1411/1003 1784/1440/1784 1050/1441/1050
f 1003/1411/1003 282/1405/282 1048/1433/1048 1784/1440/1784
f 1784/1440/1784 1048/1433/1048 297/1435/297 1032/1442/1032
f 1050/1441/1050 1784/1440/1784 1032/1442/1032 298/1443/298
f 291/1415/291 1011/1414/1011 1785/1444/1785 1051/1445/1051
f 1011/1414/1011 290/1409/290 1049/1437/1049 1785/1444/1785
f 1785/1444/1785 1049/1437/1049 305/1439/305 1040/1446/1040
f 1051/1445/1051 1785/1444/1785 1040/1446/1040 306/1447/306
f 284/1349/284 1004/1348/1004 1786/1448/1786 1052/1449/1052
f 1004/1348/1004 283/1347/283 1050/1441/1050 1786/1448/1786
f 1786/1448/1786 1050/1441/1050 298/1443/298 1033/1450/1033
f 1052/1449/1052 1786/1448/1786 1033/1450/1033 299/1451/299
f 292/1355/292 1012/1354/1012 1787/1452/1787 1053/1453/1053
f 1012/1354/1012 291/1353/291 1051/1454/1051 1787/1452/1787
f 1787/1452/1787 1051/1454/1051 306/1455/306 1041/1456/1041
f 1053/1453/1053 1787/1452/1787 1041/1456/1041 307/1457/307
f 285/1359/285 1005/1358/1005 1788/1458/1788 1054/1459/1054
f 1005/1358/1005 284/1349/284 1052/1449/1052 1788/1458/1788
f 1788/1458/1788 1052/1449/1052 299/1451/299 1034/1460/1034
f 1054/1459/1054 1788/1458/1788 1034/1460/1034 300/1461/300
f 278/1365/278 1444/1462/1444 1789/1463/1789 1055/1464/1055
f 82/1465/82 1446/1466/1446 1789/1463/1789 1444/1467/1444
f 293/1468/293 1055/1469/1055 1789/1463/1789 1446/1466/1446
f 308/1470/308 1445/1471/1445 1790/1472/1790 1042/1473/1042
f 292/1355/292 1053/1453/1053 1790/1472/1790 1445/1474/1445
f 307/1457/307 1042/1473/1042 1790/1472/1790 1053/1475/1053
f 286/1375/286 1006/1374/1006 1791/1476/1791 1056/1477/1056
f 1006/1374/1006 285/1359/285 1054/1459/1054 1791/1476/1791
f 1791/1476/1791 1054/1459/1054 300/1461/300 1035/1478/1035
f 1056/1477/1056 1791/1476/1791 1035/1478/1035 301/1479/301
f 279/1379/279 999/1378/999 1792/1480/1792 1057/1481/1057
f 999/1378/999 278/1365/278 1055/1464/1055 1792/1480/1792
f 1792/1480/1792 1055/1464/1055 293/1468/293 1028/1482/1028
f 1057/1481/1057 1792/1480/1792 1028/1482/1028 294/1483/294
f 287/1383/287 1007/1382/1007 1793/1484/1793 1044/1418/1044
f 1007/1382/1007 286/1375/286 1056/1477/1056 1793/1484/1793
f 1793/1484/1793 1056/1477/1056 301/1479/301 1036/1485/1036
f 1044/1418/1044 1793/1484/1793 1036/1485/1036 302/1419/302
f 280/1389/280 1000/1388/1000 1794/1486/1794 1046/1424/1046
f 1000/1388/1000 279/1387/279 1057/1487/1057 1794/1486/1794
f 1794/1486/1794 1057/1487/1057 294/1488/294 1029/1489/1029
f 1046/1424/1046 1794/1486/1794 1029/1489/1029 295/1425/295
f 307/1457/307 1041/1456/1041 1795/1490/1795 1072/1491/1072
f 1041/1456/1041 306/1455/306 1073/1492/1073 1795/1490/1795
f 1795/1490/1795 1073/1492/1073 322/1493/322 1071/1494/1071
f 1072/1491/1072 1795/1490/1795 1071/1494/1071 323/1495/323
f 300/1461/300 1034/1460/1034 1796/1496/1796 1074/1497/1074
f 1034/1460/1034 299/1451/299 1075/1498/1075 1796/1496/1796
f 1796/1496/1796 1075/1498/1075 315/1499/315 1064/1500/1064
f 1074/1497/1074 1796/1496/1796 1064/1500/1064 316/1501/316
f 293/1468/293 1446/1502/1446 1797/1503/1797 1076/1504/1076
f 82/1505/82 1447/1506/1447 1797/1503/1797 1446/1502/1446
f 309/1507/309 1076/1508/1076 1797/1503/1797 1447/1506/1447
f 308/1509/308 1042/1510/1042 1798/1511/1798 1448/1512/1448
f 307/1457/307 1072/1513/1072 1798/1511/1798 1042/1510/1042
f 323/1495/323 1448/1512/1448 1798/1511/1798 1072/1513/1072
f 301/1479/301 1035/1478/1035 1799/1514/1799 1077/1515/1077
f 1035/1478/1035 300/1461/300 1074/1497/1074 1799/1514/1799
f 1799/1514/1799 1074/1497/1074 316/1501/316 1065/1516/1065
f 1077/1515/1077 1799/1514/1799 1065/1516/1065 317/1517/317
f 294/1483/294 1028/1482/1028 1800/1518/1800 1078/1519/1078
f 1028/1482/1028 293/1468/293 1076/1504/1076 1800/1518/1800
f 1800/1518/1800 1076/1504/1076 309/1507/309 1058/1520/1058
f 1078/1519/1078 1800/1518/1800 1058/1520/1058 310/1521/310
f 302/1419/302 1036/1485/1036 1801/1522/1801 1079/1523/1079
f 1036/1485/1036 301/1479/301 1077/1515/1077 1801/1522/1801
f 1801/1522/1801 1077/1515/1077 317/1517/317 1066/1524/1066
f 1079/1523/1079 1801/1522/1801 1066/1524/1066 318/1525/318
f 295/1425/295 1029/1489/1029 1802/1526/1802 1080/1527/1080
f 1029/1489/1029 294/1488/294 1078/1528/1078 1802/1526/1802
f 1802/1526/1802 1078/1528/1078 310/1529/310 1059/1530/1059
f 1080/1527/1080 1802/1526/1802 1059/1530/1059 311/1531/311
f 303/1421/303 1037/1420/1037 1803/1532/1803 1081/1533/1081
f 1037/1420/1037 302/1419/302 1079/1523/1079 1803/1532/1803
f 1803/1532/1803 1079/1523/1079 318/1525/318 1067/1534/1067
f 1081/1533/1081 1803/1532/1803 1067/1534/1067 319/1535/319
f 296/1427/296 1030/1426/1030 1804/1536/1804 1082/1537/1082
f 1030/1426/1030 295/1425/295 1080/1527/1080 1804/1536/1804
f 1804/1536/1804 1080/1527/1080 311/1531/311 1060/1538/1060
f 1082/1537/1082 1804/1536/1804 1060/1538/1060 312/1539/312
f 304/1431/304 1038/1430/1038 1805/1540/1805 1083/1541/1083
f 1038/1430/1038 303/1421/303 1081/1533/1081 1805/1540/1805
f 1805/1540/1805 1081/1533/1081 319/1535/319 1068/1542/1068
f 1083/1541/1083 1805/1540/1805 1068/1542/1068 320/1543/320
f 297/1435/297 1031/1434/1031 1806/1544/1806 1084/1545/1084
f 1031/1434/1031 296/1427/296 1082/1537/1082 1806/1544/1806
f 1806/1544/1806 1082/1537/1082 312/1539/312 1061/1546/1061
f 1084/1545/1084 1806/1544/1806 1061/1546/1061 313/1547/313
f 305/1439/305 1039/1438/1039 1807/1548/1807 1085/1549/1085
f 1039/1438/1039 304/1431/304 1083/1541/1083 1807/1548/1807
f 1807/1548/1807 1083/1541/1083 320/1543/320 1069/1550/1069
f 1085/1549/1085 1807/1548/1807 1069/1550/1069 321/1551/321
f 298/1443/298 1032/1442/1032 1808/1552/1808 1086/1553/1086
f 1032/1442/1032 297/1435/297 1084/1545/1084 1808/1552/1808
f 1808/1552/1808 1084/1545/1084 313/1547/313 1062/1554/1062
f 1086/1553/1086 1808/1552/1808 1062/1554/1062 314/1555/314
f 306/1447/306 1040/1446/1040 1809/1556/1809 1073/1557/1073
f 1040/1446/1040 305/1439/305 1085/1549/1085 1809/1556/1809
f 1809/1556/1809 1085/1549/1085 321/1551/321 1070/1558/1070
f 1073/1557/1073 1809/1556/1809 1070/1558/1070 322/1493/322
f 299/1451/299 1033/1450/1033 1810/1559/1810 1075/1498/1075
f 1033/1450/1033 298/1443/298 1086/1553/1086 1810/1559/1810
f 1810/1559/1810 1086/1553/1086 314/1555/314 1063/1560/1063
f 1075/1498/1075 1810/1559/1810 1063/1560/1063 315/1499/315
f 312/1539/312 1060/1538/1060 1811/1561/1811 1101/1562/1101
f 1060/1538/1060 311/1531/311 1102/1563/1102 1811/1561/1811
f 1811/1561/1811 1102/1563/1102 326/1564/326 1089/1565/1089
f 1101/1562/1101 1811/1561/1811 1089/1565/1089 327/1566/327
f 320/1543/320 1068/1542/1068 1812/1567/1812 1103/1568/1103
f 1068/1542/1068 319/1535/319 1104/1569/1104 1812/1567/1812
f 1812/1567/1812 1104/1569/1104 334/1570/334 1097/1571/1097
f 1103/1568/1103 1812/1567/1812 1097/1571/1097 335/1572/335
f 313/1547/313 1061/1546/1061 1813/1573/1813 1105/1574/1105
f 1061/1546/1061 312/1539/312 1101/1562/1101 1813/1573/1813
f 1813/1573/1813 1101/1562/1101 327/1566/327 1090/1575/1090
f 1105/1574/1105 1813/1573/1813 1090/1575/1090 328/1576/328
f 321/1551/321 1069/1550/1069 1814/1577/1814 1106/1578/1106
f 1069/1550/1069 320/1543/320 1103/1568/1103 1814/1577/1814
f 1814/1577/1814 1103/1568/1103 335/1572/335 1098/1579/1098
f 1106/1578/1106 1814/1577/1814 1098/1579/1098 336/1580/336
f 314/1555/314 1062/1554/1062 1815/1581/1815 1107/1582/1107
f 1062/1554/1062 313/1547/313 1105/1574/1105 1815/1581/1815
f 1815/1581/1815 1105/1574/1105 328/1576/328 1091/1583/1091
f 1107/1582/1107 1815/1581/1815 1091/1583/1091 329/1584/329
f 322/1493/322 1070/1558/1070 1816/1585/1816 1108/1586/1108
f 1070/1558/1070 321/1551/321 1106/1578/1106 1816/1585/1816
f 1816/1585/1816 1106/1578/1106 336/1580/336 1099/1587/1099
f 1108/1586/1108 1816/1585/1816 1099/1587/1099 337/1588/337
f 315/1499/315 1063/1560/1063 1817/1589/1817 1109/1590/1109
f 1063/1560/1063 314/1555/314 1107/1582/1107 1817/1589/1817
f 1817/1589/1817 1107/1582/1107 329/1584/329 1092/1591/1092
f 1109/1590/1109 1817/1589/1817 1092/1591/1092 330/1592/330
f 323/1495/323 1071/1494/1071 1818/1593/1818 1110/1594/1110
f 1071/1494/1071 322/1493/322 1108/1595/1108 1818/1593/1818
f 1818/1593/1818 1108/1595/1108 337/1588/337 1100/1596/1100
f 1110/1594/1110 1818/1593/1818 1100/1596/1100 338/1597/338
f 316/1501/316 1064/1500/1064 1819/1598/1819 1111/1599/1111
f 1064/1500/1064 315/1499/315 1109/1590/1109 1819/1598/1819
f 1819/1598/1819 1109/1590/1109 330/1592/330 1093/1600/1093
f 1111/1599/1111 1819/1598/1819 1093/1600/1093 331/1601/331
f 309/1507/309 1447/1602/1447 1820/1603/1820 1112/1604/1112
f 82/1605/82 1449/1606/1449 1820/1603/1820 1447/1602/1447
f 324/1607/324 1112/1608/1112 1820/1603/1820 1449/1609/1449
f 308/1610/308 1448/1611/1448 1821/1612/1821 1450/1613/1450
f 323/1495/323 1110/1614/1110 1821/1612/1821 1448/1611/1448
f 338/1597/338 1450/1615/1450 1821/1612/1821 1110/1616/1110
f 317/1517/317 1065/1516/1065 1822/1617/1822 1113/1618/1113
f 1065/1516/1065 316/1501/316 1111/1599/1111 1822/1617/1822
f 1822/1617/1822 1111/1599/1111 331/1601/331 1094/1619/1094
f 1113/1618/1113 1822/1617/1822 1094/1619/1094 332/1620/332
f 310/1521/310 1058/1520/1058 1823/1621/1823 1114/1622/1114
f 1058/1520/1058 309/1507/309 1112/1604/1112 1823/1621/1823
f 1823/1621/1823 1112/1604/1112 324/1607/324 1087/1623/1087
f 1114/1622/1114 1823/1621/1823 1087/1623/1087 325/1624/325
f 318/1525/318 1066/1524/1066 1824/1625/1824 1115/1626/1115
f 1066/1524/1066 317/1517/317 1113/1618/1113 1824/1625/1824
f 1824/1625/1824 1113/1618/1113 332/1620/332 1095/1627/1095
f 1115/1626/1115 1824/1625/1824 1095/1627/1095 333/1628/333
f 311/1531/311 1059/1530/1059 1825/1629/1825 1102/1563/1102
f 1059/1530/1059 310/1529/310 1114/1630/1114 1825/1629/1825
f 1825/1629/1825 1114/1630/1114 325/1631/325 1088/1632/1088
f 1102/1563/1102 1825/1629/1825 1088/1632/1088 326/1564/326
f 319/1535/319 1067/1534/1067 1826/1633/1826 1104/1569/1104
f 1067/1534/1067 318/1525/318 1115/1626/1115 1826/1633/1826
f 1826/1633/1826 1115/1626/1115 333/1628/333 1096/1634/1096
f 1104/1569/1104 1826/1633/1826 1096/1634/1096 334/1570/334
f 331/1601/331 1093/1600/1093 1827/1635/1827 1130/1636/1130
f 1093/1600/1093 330/1592/330 1131/1637/1131 1827/1635/1827
f 1827/1635/1827 1131/1637/1131 345/1638/345 1122/1639/1122
f 1130/1636/1130 1827/1635/1827 1122/1639/1122 346/1640/346
f 324/1607/324 1449/1641/1449 1828/1642/1828 1132/1643/1132
f 82/1644/82 1451/1645/1451 1828/1642/1828 1449/1641/1449
f 339/1646/339 1132/1647/1132 1828/1642/1828 1451/1645/1451
f 308/1648/308 1450/1649/1450 1829/1650/1829 1452/1651/1452
f 338/1597/338 1133/1652/1133 1829/1650/1829 1450/1649/1450
f 353/1653/353 1452/1651/1452 1829/1650/1829 1133/1652/1133
f 332/1620/332 1094/1619/1094 1830/1654/1830 1134/1655/1134
f 1094/1619/1094 331/1601/331 1130/1636/1130 1830/1654/1830
f 1830/1654/1830 1130/1636/1130 346/1640/346 1123/1656/1123
f 1134/1655/1134 1830/1654/1830 1123/1656/1123 347/1657/347
f 325/1624/325 1087/1623/1087 1831/1658/1831 1135/1659/1135
f 1087/1623/1087 324/1607/324 1132/1643/1132 1831/1658/1831
f 1831/1658/1831 1132/1643/1132 339/1646/339 1116/1660/1116
f 1135/1659/1135 1831/1658/1831 1116/1660/1116 340/1661/340
f 333/1628/333 1095/1627/1095 1832/1662/1832 1136/1663/1136
f 1095/1627/1095 332/1620/332 1134/1655/1134 1832/1662/1832
f 1832/1662/1832 1134/1655/1134 347/1657/347 1124/1664/1124
f 1136/1663/1136 1832/1662/1832 1124/1664/1124 348/1665/348
f 326/1564/326 1088/1632/1088 1833/1666/1833 1137/1667/1137
f 1088/1632/1088 325/1631/325 1135/1659/1135 1833/1666/1833
f 1833/1666/1833 1135/1659/1135 340/1668/340 1117/1669/1117
f 1137/1667/1137 1833/1666/1833 1117/1669/1117 341/1670/341
f 334/1570/334 1096/1634/1096 1834/1671/1834 1138/1672/1138
f 1096/1634/1096 333/1628/333 1136/1663/1136 1834/1671/1834
f 1834/1671/1834 1136/1663/1136 348/1665/348 1125/1673/1125
f 1138/1672/1138 1834/1671/1834 1125/1673/1125 349/1674/349
f 327/1566/327 1089/1565/1089 1835/1675/1835 1139/1676/1139
f 1089/1565/1089 326/1564/326 1137/1667/1137 1835/1675/1835
f 1835/1675/1835 1137/1667/1137 341/1670/341 1118/1677/1118
f 1139/1676/1139 1835/1675/1835 1118/1677/1118 342/1678/342
f 335/1572/335 1097/1571/1097 1836/1679/1836 1140/1680/1140
f 1097/1571/1097 334/1570/334 1138/1672/1138 1836/1679/1836
f 1836/1679/1836 1138/1672/1138 349/1674/349 1126/1681/1126
f 1140/1680/1140 1836/1679/1836 1126/1681/1126 350/1682/350
f 328/1576/328 1090/1575/1090 1837/1683/1837 1141/1684/1141
f 1090/1575/1090 327/1566/327 1139/1676/1139 1837/1683/1837
f 1837/1683/1837 1139/1676/1139 342/1678/342 1119/1685/1119
f 1141/1684/1141 1837/1683/1837 1119/1685/1119 343/1686/343
f 336/1580/336 1098/1579/1098 1838/1687/1838 1142/1688/1142
f 1098/1579/1098 335/1572/335 1140/1680/1140 1838/1687/1838
f 1838/1687/1838 1140/1680/1140 350/1682/350 1127/1689/1127
f 1142/1688/1142 1838/1687/1838 1127/1689/1127 351/1690/351
f 329/1584/329 1091/1583/1091 1839/1691/1839 1143/1692/1143
f 1091/1583/1091 328/1576/328 1141/1684/1141 1839/1691/1839
f 1839/1691/1839 1141/1684/1141 343/1686/343 1120/1693/1120
f 1143/1692/1143 1839/1691/1839 1120/1693/1120 344/1694/344
f 337/1588/337 1099/1587/1099 1840/1695/1840 1144/1696/1144
f 1099/1587/1099 336/1580/336 1142/1688/1142 1840/1695/1840
f 1840/1695/1840 1142/1688/1142 351/1690/351 1128/1697/1128
f 1144/1696/1144 1840/1695/1840 1128/1697/1128 352/1698/352
f 330/1592/330 1092/1591/1092 1841/1699/1841 1131/1637/1131
f 1092/1591/1092 329/1584/329 1143/1692/1143 1841/1699/1841
f 1841/1699/1841 1143/1692/1143 344/1694/344 1121/1700/1121
f 1131/1637/1131 1841/1699/1841 1121/1700/1121 345/1638/345
f 338/1597/338 1100/1596/1100 1842/1701/1842 1133/1702/1133
f 1100/1596/1100 337/1588/337 1144/1703/1144 1842/1701/1842
f 1842/1701/1842 1144/1703/1144 352/1704/352 1129/1705/1129
f 1133/1702/1133 1842/1701/1842 1129/1705/1129 353/1653/353
f 350/1706/350 1126/1707/1126 1843/1708/1843 1159/1709/1159
f 1126/1707/1126 349/1710/349 1160/1711/1160 1843/1708/1843
f 1843/1708/1843 1160/1711/1160 364/1712/364 1155/1713/1155
f 1159/1709/1159 1843/1708/1843 1155/1713/1155 365/1714/365
f 343/1715/343 1119/1685/1119 1844/1716/1844 1161/1717/1161
f 1119/1685/1119 342/1678/342 1162/1718/1162 1844/1716/1844
f 1844/1716/1844 1162/1718/1162 357/1719/357 1148/1720/1148
f 1161/1717/1161 1844/1716/1844 1148/1720/1148 358/1721/358
f 351/1722/351 1127/1689/1127 1845/1723/1845 1163/1724/1163
f 1127/1689/1127 350/1706/350 1159/1709/1159 1845/1723/1845
f 1845/1723/1845 1159/1709/1159 365/1714/365 1156/1725/1156
f 1163/1724/1163 1845/1723/1845 1156/1725/1156 366/1726/366
f 344/1727/344 1120/1728/1120 1846/1729/1846 1164/1730/1164
f 1120/1728/1120 343/1715/343 1161/1717/1161 1846/1729/1846
f 1846/1729/1846 1161/1717/1161 358/1721/358 1149/1731/1149
f 1164/1730/1164 1846/1729/1846 1149/1731/1149 359/1732/359
f 352/1704/352 1128/1733/1128 1847/1734/1847 1165/1735/1165
f 1128/1733/1128 351/1722/351 1163/1724/1163 1847/1734/1847
f 1847/1734/1847 1163/1724/1163 366/1726/366 1157/1736/1157
f 1165/1735/1165 1847/1734/1847 1157/1736/1157 367/1737/367
f 345/1738/345 1121/1739/1121 1848/1740/1848 1166/1741/1166
f 1121/1739/1121 344/1727/344 1164/1730/1164 1848/1740/1848
f 1848/1740/1848 1164/1730/1164 359/1732/359 1150/1742/1150
f 1166/1741/1166 1848/1740/1848 1150/1742/1150 360/1743/360
f 353/1653/353 1129/1705/1129 1849/1744/1849 1167/1745/1167
f 1129/1705/1129 352/1704/352 1165/1735/1165 1849/1744/1849
f 1849/1744/1849 1165/1735/1165 367/1737/367 1158/1746/1158
f 1167/1745/1167 1849/1744/1849 1158/1746/1158 368/1747/368
f 346/1748/346 1122/1749/1122 1850/1750/1850 1168/1751/1168
f 1122/1749/1122 345/1738/345 1166/1741/1166 1850/1750/1850
f 1850/1750/1850 1166/1741/1166 360/1743/360 1151/1752/1151
f 1168/1751/1168 1850/1750/1850 1151/1752/1151 361/1753/361
f 339/1646/339 1451/1754/1451 1851/1755/1851 1169/1756/1169
f 82/1757/82 1453/1758/1453 1851/1755/1851 1451/1759/1451
f 354/1760/354 1169/1761/1169 1851/1755/1851 1453/1758/1453
f 308/1762/308 1452/1763/1452 1852/1764/1852 1454/1765/1454
f 353/1653/353 1167/1745/1167 1852/1764/1852 1452/1766/1452
f 368/1747/368 1454/1765/1454 1852/1764/1852 1167/1745/1167
f 347/1767/347 1123/1656/1123 1853/1768/1853 1170/1769/1170
f 1123/1656/1123 346/1748/346 1168/1751/1168 1853/1768/1853
f 1853/1768/1853 1168/1751/1168 361/1753/361 1152/1770/1152
f 1170/1769/1170 1853/1768/1853 1152/1770/1152 362/1771/362
f 340/1661/340 1116/1660/1116 1854/1772/1854 1171/1773/1171
f 1116/1660/1116 339/1646/339 1169/1756/1169 1854/1772/1854
f 1854/1772/1854 1169/1756/1169 354/1760/354 1145/1774/1145
f 1171/1773/1171 1854/1772/1854 1145/1774/1145 355/1775/355
f 348/1665/348 1124/1776/1124 1855/1777/1855 1172/1778/1172
f 1124/1776/1124 347/1767/347 1170/1769/1170 1855/1777/1855
f 1855/1777/1855 1170/1769/1170 362/1771/362 1153/1779/1153
f 1172/1778/1172 1855/1777/1855 1153/1779/1153 363/1780/363
f 341/1781/341 1117/1782/1117 1856/1783/1856 1173/1784/1173
f 1117/1782/1117 340/1661/340 1171/1773/1171 1856/1783/1856
f 1856/1783/1856 1171/1773/1171 355/1775/355 1146/1785/1146
f 1173/1784/1173 1856/1783/1856 1146/1785/1146 356/1786/356
f 349/1710/349 1125/1673/1125 1857/1787/1857 1160/1711/1160
f 1125/1673/1125 348/1665/348 1172/1778/1172 1857/1787/1857
f 1857/1787/1857 1172/1778/1172 363/1780/363 1154/1788/1154
f 1160/1711/1160 1857/1787/1857 1154/1788/1154 364/1712/364
f 342/1678/342 1118/1789/1118 1858/1790/1858 1162/1718/1162
f 1118/1789/1118 341/1781/341 1173/1784/1173 1858/1790/1858
f 1858/1790/1858 1173/1784/1173 356/1786/356 1147/1791/1147
f 1162/1718/1162 1858/1790/1858 1147/1791/1147 357/1719/357
f 308/1792/308 1454/1793/1454 1859/1794/1859 1456/1795/1456
f 368/1796/368 1188/1797/1188 1859/1794/1859 1454/1793/1454
f 383/1798/383 1456/1795/1456 1859/1794/1859 1188/1799/1188
f 362/1800/362 1152/1801/1152 1860/1802/1860 1189/1803/1189
f 1152/1801/1152 361/1804/361 1190/1805/1190 1860/1802/1860
f 1860/1802/1860 1190/1805/1190 376/1806/376 1181/1807/1181
f 1189/1803/1189 1860/1802/1860 1181/1807/1181 377/1808/377
f 355/1809/355 1145/1810/1145 1861/1811/1861 1191/1812/1191
f 1145/1810/1145 354/1813/354 1192/1814/1192 1861/1811/1861
f 1861/1811/1861 1192/1814/1192 369/1815/369 1174/1816/1174
f 1191/1812/1191 1861/1811/1861 1174/1816/1174 370/1817/370
f 363/1818/363 1153/1819/1153 1862/1820/1862 1193/1821/1193
f 1153/1819/1153 362/1800/362 1189/1803/1189 1862/1820/1862
f 1862/1820/1862 1189/1803/1189 377/1808/377 1182/1822/1182
f 1193/1821/1193 1862/1820/1862 1182/1822/1182 378/1823/378
f 356/1824/356 1146/1825/1146 1863/1826/1863 1194/1827/1194
f 1146/1825/1146 355/1809/355 1191/1812/1191 1863/1826/1863
f 1863/1826/1863 1191/1812/1191 370/1817/370 1175/1828/1175
f 1194/1827/1194 1863/1826/1863 1175/1828/1175 371/1829/371
f 364/1830/364 1154/1831/1154 1864/1832/1864 1195/1833/1195
f 1154/1831/1154 363/1818/363 1193/1821/1193 1864/1832/1864
f 1864/1832/1864 1193/1821/1193 378/1823/378 1183/1834/1183
f 1195/1833/1195 1864/1832/1864 1183/1834/1183 379/1835/379
f 357/1836/357 1147/1837/1147 1865/1838/1865 1196/1839/1196
f 1147/1837/1147 356/1824/356 1194/1827/1194 1865/1838/1865
f 1865/1838/1865 1194/1827/1194 371/1829/371 1176/1840/1176
f 1196/1839/1196 1865/1838/1865 1176/1840/1176 372/1841/372
f 365/1842/365 1155/1843/1155 1866/1844/1866 1197/1845/1197
f 1155/1843/1155 364/1830/364 1195/1833/1195 1866/1844/1866
f 1866/1844/1866 1195/1833/1195 379/1835/379 1184/1846/1184
f 1197/1845/1197 1866/1844/1866 1184/1846/1184 380/1847/380
f 358/1848/358 1148/1849/1148 1867/1850/1867 1198/1851/1198
f 1148/1849/1148 357/1836/357 1196/1839/1196 1867/1850/1867
f 1867/1850/1867 1196/1839/1196 372/1841/372 1177/1852/1177
f 1198/1851/1198 1867/1850/1867 1177/1852/1177 373/1853/373
f 366/1854/366 1156/1855/1156 1868/1856/1868 1199/1857/1199
f 1156/1855/1156 365/1842/365 1197/1845/1197 1868/1856/1868
f 1868/1856/1868 1197/1845/1197 380/1847/380 1185/1858/1185
f 1199/1857/1199 1868/1856/1868 1185/1858/1185 381/1859/381
f 359/1860/359 1149/1861/1149 1869/1862/1869 1200/1863/1200
f 1149/1861/1149 358/1848/358 1198/1851/1198 1869/1862/1869
f 1869/1862/1869 1198/1851/1198 373/1853/373 1178/1864/1178
f 1200/1863/1200 1869/1862/1869 1178/1864/1178 374/1865/374
f 367/1866/367 1157/1867/1157 1870/1868/1870 1201/1869/1201
f 1157/1867/1157 366/1854/366 1199/1857/1199 1870/1868/1870
f 1870/1868/1870 1199/1857/1199 381/1859/381 1186/1870/1186
f 1201/1869/1201 1870/1868/1870 1186/1870/1186 382/1871/382
f 360/1872/360 1150/1873/1150 1871/1874/1871 1202/1875/1202
f 1150/1873/1150 359/1860/359 1200/1863/1200 1871/1874/1871
f 1871/1874/1871 1200/1863/1200 374/1865/374 1179/1876/1179
f 1202/1875/1202 1871/1874/1871 1179/1876/1179 375/1877/375
f 368/1796/368 1158/1878/1158 1872/1879/1872 1188/1797/1188
f 1158/1878/1158 367/1866/367 1201/1869/1201 1872/1879/1872
f 1872/1879/1872 1201/1869/1201 382/1871/382 1187/1880/1187
f 1188/1797/1188 1872/1879/1872 1187/1880/1187 383/1798/383
f 361/1804/361 1151/1881/1151 1873/1882/1873 1190/1805/1190
f 1151/1881/1151 360/1872/360 1202/1875/1202 1873/1882/1873
f 1873/1882/1873 1202/1875/1202 375/1877/375 1180/1883/1180
f 1190/1805/1190 1873/1882/1873 1180/1883/1180 376/1806/376
f 354/1813/354 1453/1884/1453 1874/1885/1874 1192/1814/1192
f 82/1886/82 1455/1887/1455 1874/1885/1874 1453/1884/1453
f 369/1815/369 1192/1888/1192 1874/1885/1874 1455/1887/1455
f 381/1889/381 1185/1890/1185 1875/1891/1875 1217/1892/1217
f 1185/1890/1185 380/1893/380 1218/1894/1218 1875/1891/1875
f 1875/1891/1875 1218/1894/1218 395/1895/395 1214/1896/1214
f 1217/1892/1217 1875/1891/1875 1214/1896/1214 396/1897/396
f 374/1898/374 1178/1899/1178 1876/1900/1876 1219/1901/1219
f 1178/1899/1178 373/1902/373 1220/1903/1220 1876/1900/1876
f 1876/1900/1876 1220/1903/1220 388/1904/388 1207/1905/1207
f 1219/1901/1219 1876/1900/1876 1207/1905/1207 389/1906/389
f 382/1907/382 1186/1908/1186 1877/1909/1877 1221/1910/1221
f 1186/1908/1186 381/1889/381 1217/1892/1217 1877/1909/1877
f 1877/1909/1877 1217/1892/1217 396/1897/396 1215/1911/1215
f 1221/1910/1221 1877/1909/1877 1215/1911/1215 397/1912/397
f 375/1913/375 1179/1914/1179 1878/1915/1878 1222/1916/1222
f 1179/1914/1179 374/1898/374 1219/1901/1219 1878/1915/1878
f 1878/1915/1878 1219/1901/1219 389/1906/389 1208/1917/1208
f 1222/1916/1222 1878/1915/1878 1208/1917/1208 390/1918/390
f 383/1798/383 1187/1880/1187 1879/1919/1879 1223/1920/1223
f 1187/1880/1187 382/1871/382 1221/1921/1221 1879/1919/1879
f 1879/1919/1879 1221/1921/1221 397/1912/397 1216/1922/1216
f 1223/1920/1223 1879/1919/1879 1216/1922/1216 398/1923/398
f 376/1924/376 1180/1925/1180 1880/1926/1880 1224/1927/1224
f 1180/1925/1180 375/1913/375 1222/1916/1222 1880/1926/1880
f 1880/1926/1880 1222/1916/1222 390/1918/390 1209/1928/1209
f 1224/1927/1224 1880/1926/1880 1209/1928/1209 391/1929/391
f 369/1815/369 1455/1930/1455 1881/1931/1881 1225/1932/1225
f 82/1933/82 1457/1934/1457 1881/1931/1881 1455/1930/1455
f 384/1935/384 1225/1936/1225 1881/1931/1881 1457/1934/1457
f 308/1937/308 1456/1938/1456 1882/1939/1882 1458/1940/1458
f 383/1798/383 1223/1920/1223 1882/1939/1882 1456/1938/1456
f 398/1923/398 1458/1940/1458 1882/1939/1882 1223/1941/1223
f 377/1942/377 1181/1943/1181 1883/1944/1883 1226/1945/1226
f 1181/1943/1181 376/1924/376 1224/1927/1224 1883/1944/1883
f 1883/1944/1883 1224/1927/1224 391/1929/391 1210/1946/1210
f 1226/1945/1226 1883/1944/1883 1210/1946/1210 392/1947/392
f 370/1817/370 1174/1816/1174 1884/1948/1884 1227/1949/1227
f 1174/1816/1174 369/1815/369 1225/1932/1225 1884/1948/1884
f 1884/1948/1884 1225/1932/1225 384/1935/384 1203/1950/1203
f 1227/1949/1227 1884/1948/1884 1203/1950/1203 385/1951/385
f 378/1952/378 1182/1953/1182 1885/1954/1885 1228/1955/1228
f 1182/1953/1182 377/1942/377 1226/1945/1226 1885/1954/1885
f 1885/1954/1885 1226/1945/1226 392/1947/392 1211/1956/1211
f 1228/1955/1228 1885/1954/1885 1211/1956/1211 393/1957/393
f 371/1958/371 1175/1959/1175 1886/1960/1886 1229/1961/1229
f 1175/1959/1175 370/1962/370 1227/1963/1227 1886/1960/1886
f 1886/1960/1886 1227/1963/1227 385/1951/385 1204/1964/1204
f 1229/1961/1229 1886/1960/1886 1204/1964/1204 386/1965/386
f 379/1966/379 1183/1967/1183 1887/1968/1887 1230/1969/1230
f 1183/1967/1183 378/1952/378 1228/1955/1228 1887/1968/1887
f 1887/1968/1887 1228/1955/1228 393/1957/393 1212/1970/1212
f 1230/1969/1230 1887/1968/1887 1212/1970/1212 394/1971/394
f 372/1972/372 1176/1973/1176 1888/1974/1888 1231/1975/1231
f 1176/1973/1176 371/1958/371 1229/1961/1229 1888/1974/1888
f 1888/1974/1888 1229/1961/1229 386/1965/386 1205/1976/1205
f 1231/1975/1231 1888/1974/1888 1205/1976/1205 387/1977/387
f 380/1893/380 1184/1978/1184 1889/1979/1889 1218/1894/1218
f 1184/1978/1184 379/1966/379 1230/1969/1230 1889/1979/1889
f 1889/1979/1889 1230/1969/1230 394/1971/394 1213/1980/1213
f 1218/1894/1218 1889/1979/1889 1213/1980/1213 395/1895/395
f 373/1902/373 1177/1981/1177 1890/1982/1890 1220/1903/1220
f 1177/1981/1177 372/1972/372 1231/1975/1231 1890/1982/1890
f 1890/1982/1890 1231/1975/1231 387/1977/387 1206/1983/1206
f 1220/1903/1220 1890/1982/1890 1206/1983/1206 388/1904/388
f 385/1951/385 1203/1950/1203 1891/1984/1891 1246/1985/1246
f 1203/1950/1203 384/1935/384 1247/1986/1247 1891/1984/1891
f 1891/1984/1891 1247/1986/1247 399/1987/399 1232/1988/1232
f 1246/1985/1246 1891/1984/1891 1232/1988/1232 400/1989/400
f 393/1957/393 1211/1956/1211 1892/1990/1892 1248/1991/1248
f 1211/1956/1211 392/1947/392 1249/1992/1249 1892/1990/1892
f 1892/1990/1892 1249/1992/1249 407/1993/407 1240/1994/1240
f 1248/1991/1248 1892/1990/1892 1240/1994/1240 408/1995/408
f 386/1965/386 1204/1964/1204 1893/1996/1893 1250/1997/1250
f 1204/1964/1204 385/1951/385 1246/1998/1246 1893/1996/1893
f 1893/1996/1893 1246/1998/1246 400/1999/400 1233/2000/1233
f 1250/1997/1250 1893/1996/1893 1233/2000/1233 401/2001/401
f 394/1971/394 1212/1970/1212 1894/2002/1894 1251/2003/1251
f 1212/1970/1212 393/1957/393 1248/1991/1248 1894/2002/1894
f 1894/2002/1894 1248/1991/1248 408/1995/408 1241/2004/1241
f 1251/2003/1251 1894/2002/1894 1241/2004/1241 409/2005/409
f 387/1977/387 1205/1976/1205 1895/2006/1895 1252/2007/1252
f 1205/1976/1205 386/1965/386 1250/1997/1250 1895/2006/1895
f 1895/2006/1895 1250/1997/1250 401/2001/401 1234/2008/1234
f 1252/2007/1252 1895/2006/1895 1234/2008/1234 402/2009/402
f 395/1895/395 1213/1980/1213 1896/2010/1896 1253/2011/1253
f 1213/1980/1213 394/1971/394 1251/2003/1251 1896/2010/1896
f 1896/2010/1896 1251/2003/1251 409/2005/409 1242/2012/1242
f 1253/2011/1253 1896/2010/1896 1242/2012/1242 410/2013/410
f 388/1904/388 1206/1983/1206 1897/2014/1897 1254/2015/1254
f 1206/1983/1206 387/1977/387 1252/2007/1252 1897/2014/1897
f 1897/2014/1897 1252/2007/1252 402/2009/402 1235/2016/1235
f 1254/2015/1254 1897/2014/1897 1235/2016/1235 403/2017/403
f 396/1897/396 1214/1896/1214 1898/2018/1898 1255/2019/1255
f 1214/1896/1214 395/1895/395 1253/2011/1253 1898/2018/1898
f 1898/2018/1898 1253/2011/1253 410/2013/410 1243/2020/1243
f 1255/2019/1255 1898/2018/1898 1243/2020/1243 411/2021/411
f 389/1906/389 1207/1905/1207 1899/2022/1899 1256/2023/1256
f 1207/1905/1207 388/1904/388 1254/2015/1254 1899/2022/1899
f 1899/2022/1899 1254/2015/1254 403/2017/403 1236/2024/1236
f 1256/2023/1256 1899/2022/1899 1236/2024/1236 404/2025/404
f 397/1912/397 1215/1911/1215 1900/2026/1900 1257/2027/1257
f 1215/1911/1215 396/1897/396 1255/2019/1255 1900/2026/1900
f 1900/2026/1900 1255/2019/1255 411/2021/411 1244/2028/1244
f 1257/2027/1257 1900/2026/1900 1244/2028/1244 412/2029/412
f 390/1918/390 1208/1917/1208 1901/2030/1901 1258/2031/1258
f 1208/1917/1208 389/1906/389 1256/2023/1256 1901/2030/1901
f 1901/2030/1901 1256/2023/1256 404/2025/404 1237/2032/1237
f 1258/2031/1258 1901/2030/1901 1237/2032/1237 405/2033/405
f 398/1923/398 1216/1922/1216 1902/2034/1902 1259/2035/1259
f 1216/1922/1216 397/1912/397 1257/2036/1257 1902/2034/1902
f 1902/2034/1902 1257/2036/1257 412/2037/412 1245/2038/1245
f 1259/2035/1259 1902/2034/1902 1245/2038/1245 413/2039/413
f 391/1929/391 1209/1928/1209 1903/2040/1903 1260/2041/1260
f 1209/1928/1209 390/1918/390 1258/2031/1258 1903/2040/1903
f 1903/2040/1903 1258/2031/1258 405/2033/405 1238/2042/1238
f 1260/2041/1260 1903/2040/1903 1238/2042/1238 406/2043/406
f 384/1935/384 1457/2044/1457 1904/2045/1904 1247/1986/1247
f 82/2046/82 1459/2047/1459 1904/2045/1904 1457/2044/1457
f 399/1987/399 1247/2048/1247 1904/2045/1904 1459/2047/1459
f 308/2049/308 1458/2050/1458 1905/2051/1905 1460/2052/1460
f 398/1923/398 1259/2053/1259 1905/2051/1905 1458/2050/1458
f 413/2039/413 1460/2052/1460 1905/2051/1905 1259/2053/1259
f 392/1947/392 1210/1946/1210 1906/2054/1906 1249/1992/1249
f 1210/1946/1210 391/1929/391 1260/2041/1260 1906/2054/1906
f 1906/2054/1906 1260/2041/1260 406/2043/406 1239/2055/1239
f 1249/1992/1249 1906/2054/1906 1239/2055/1239 407/1993/407
f 404/2025/404 1236/2024/1236 1907/2056/1907 1275/2057/1275
f 1236/2024/1236 403/2017/403 1276/2058/1276 1907/2056/1907
f 1907/2056/1907 1276/2058/1276 418/2059/418 1265/2060/1265
f 1275/2057/1275 1907/2056/1907 1265/2060/1265 419/2061/419
f 412/2029/412 1244/2028/1244 1908/2062/1908 1277/2063/1277
f 1244/2028/1244 411/2021/411 1278/2064/1278 1908/2062/1908
f 1908/2062/1908 1278/2064/1278 426/2065/426 1273/2066/1273
f 1277/2063/1277 1908/2062/1908 1273/2066/1273 427/2067/427
f 405/2033/405 1237/2032/1237 1909/2068/1909 1279/2069/1279
f 1237/2032/1237 404/2025/404 1275/2057/1275 1909/2068/1909
f 1909/2068/1909 1275/2057/1275 419/2061/419 1266/2070/1266
f 1279/2069/1279 1909/2068/1909 1266/2070/1266 420/2071/420
f 413/2039/413 1245/2038/1245 1910/2072/1910 1280/2073/1280
f 1245/2038/1245 412/2037/412 1277/2074/1277 1910/2072/1910
f 1910/2072/1910 1277/2074/1277 427/2067/427 1274/2075/1274
f 1280/2073/1280 1910/2072/1910 1274/2075/1274 428/2076/428
f 406/2043/406 1238/2042/1238 1911/2077/1911 1281/2078/1281
f 1238/2042/1238 405/2033/405 1279/2069/1279 1911/2077/1911
f 1911/2077/1911 1279/2069/1279 420/2071/420 1267/2079/1267
f 1281/2078/1281 1911/2077/1911 1267/2079/1267 421/2080/421
f 399/1987/399 1459/2081/1459 1912/2082/1912 1282/2083/1282
f 82/2084/82 1461/2085/1461 1912/2082/1912 1459/2081/1459
f 414/2086/414 1282/2087/1282 1912/2082/1912 1461/2085/1461
f 308/2088/308 1460/2089/1460 1913/2090/1913 1462/2091/1462
f 413/2039/413 1280/2073/1280 1913/2090/1913 1460/2089/1460
f 428/2076/428 1462/2091/1462 1913/2090/1913 1280/2073/1280
f 407/1993/407 1239/2055/1239 1914/2092/1914 1283/2093/1283
f 1239/2055/1239 406/2043/406 1281/2078/1281 1914/2092/1914
f 1914/2092/1914 1281/2078/1281 421/2080/421 1268/2094/1268
f 1283/2093/1283 1914/2092/1914 1268/2094/1268 422/2095/422
f 400/1989/400 1232/1988/1232 1915/2096/1915 1284/2097/1284
f 1232/1988/1232 399/1987/399 1282/2083/1282 1915/2096/1915
f 1915/2096/1915 1282/2083/1282 414/2086/414 1261/2098/1261
f 1284/2097/1284 1915/2096/1915 1261/2098/1261 415/2099/415
f 408/1995/408 1240/1994/1240 1916/2100/1916 1285/2101/1285
f 1240/1994/1240 407/1993/407 1283/2093/1283 1916/2100/1916
f 1916/2100/1916 1283/2093/1283 422/2095/422 1269/2102/1269
f 1285/2101/1285 1916/2100/1916 1269/2102/1269 423/2103/423
f 401/2001/401 1233/2000/1233 1917/2104/1917 1286/2105/1286
f 1233/2000/1233 400/1999/400 1284/2106/1284 1917/2104/1917
f 1917/2104/1917 1284/2106/1284 415/2107/415 1262/2108/1262
f 1286/2105/1286 1917/2104/1917 1262/2108/1262 416/2109/416
f 409/2005/409 1241/2004/1241 1918/2110/1918 1287/2111/1287
f 1241/2004/1241 408/1995/408 1285/2101/1285 1918/2110/1918
f 1918/2110/1918 1285/2101/1285 423/2103/423 1270/2112/1270
f 1287/2111/1287 1918/2110/1918 1270/2112/1270 424/2113/424
f 402/2009/402 1234/2008/1234 1919/2114/1919 1288/2115/1288
f 1234/2008/1234 401/2001/401 1286/2105/1286 1919/2114/1919
f 1919/2114/1919 1286/2105/1286 416/2109/416 1263/2116/1263
f 1288/2115/1288 1919/2114/1919 1263/2116/1263 417/2117/417
f 410/2013/410 1242/2012/1242 1920/2118/1920 1289/2119/1289
f 1242/2012/1242 409/2005/409 1287/2111/1287 1920/2118/1920
f 1920/2118/1920 1287/2111/1287 424/2113/424 1271/2120/1271
f 1289/2119/1289 1920/2118/1920 1271/2120/1271 425/2121/425
f 403/2017/403 1235/2016/1235 1921/2122/1921 1276/2058/1276
f 1235/2016/1235 402/2009/402 1288/2115/1288 1921/2122/1921
f 1921/2122/1921 1288/2115/1288 417/2117/417 1264/2123/1264
f 1276/2058/1276 1921/2122/1921 1264/2123/1264 418/2059/418
f 411/2021/411 1243/2020/1243 1922/2124/1922 1278/2064/1278
f 1243/2020/1243 410/2013/410 1289/2119/1289 1922/2124/1922
f 1922/2124/1922 1289/2119/1289 425/2121/425 1272/2125/1272
f 1278/2064/1278 1922/2124/1922 1272/2125/1272 426/2065/426
f 423/2103/423 1269/2102/1269 1923/2126/1923 1304/2127/1304
f 1269/2102/1269 422/2095/422 1305/2128/1305 1923/2126/1923
f 1923/2126/1923 1305/2128/1305 437/2129/437 1298/2130/1298
f 1304/2127/1304 1923/2126/1923 1298/2130/1298 438/2131/438
f 416/2109/416 1262/2108/1262 1924/2132/1924 1306/2133/1306
f 1262/2108/1262 415/2107/415 1307/2134/1307 1924/2132/1924
f 1924/2132/1924 1307/2134/1307 430/2135/430 1291/2136/1291
f 1306/2133/1306 1924/2132/1924 1291/2136/1291 431/2137/431
f 424/2113/424 1270/2112/1270 1925/2138/1925 1308/2139/1308
f 1270/2112/1270 423/2103/423 1304/2127/1304 1925/2138/1925
f 1925/2138/1925 1304/2127/1304 438/2131/438 1299/2140/1299
f 1308/2139/1308 1925/2138/1925 1299/2140/1299 439/2141/439
f 417/2117/417 1263/2116/1263 1926/2142/1926 1309/2143/1309
f 1263/2116/1263 416/2109/416 1306/2133/1306 1926/2142/1926
f 1926/2142/1926 1306/2133/1306 431/2137/431 1292/2144/1292
f 1309/2143/1309 1926/2142/1926 1292/2144/1292 432/2145/432
f 425/2121/425 1271/2120/1271 1927/2146/1927 1310/2147/1310
f 1271/2120/1271 424/2113/424 1308/2139/1308 1927/2146/1927
f 1927/2146/1927 1308/2139/1308 439/2141/439 1300/2148/1300
f 1310/2147/1310 1927/2146/1927 1300/2148/1300 440/2149/440
f 418/2059/418 1264/2123/1264 1928/2150/1928 1311/2151/1311
f 1264/2123/1264 417/2117/417 1309/2143/1309 1928/2150/1928
f 1928/2150/1928 1309/2143/1309 432/2145/432 1293/2152/1293
f 1311/2151/1311 1928/2150/1928 1293/2152/1293 433/2153/433
f 426/2065/426 1272/2125/1272 1929/2154/1929 1312/2155/1312
f 1272/2125/1272 425/2121/425 1310/2147/1310 1929/2154/1929
f 1929/2154/1929 1310/2147/1310 440/2149/440 1301/2156/1301
f 1312/2155/1312 1929/2154/1929 1301/2156/1301 441/2157/441
f 419/2061/419 1265/2060/1265 1930/2158/1930 1313/2159/1313
f 1265/2060/1265 418/2059/418 1311/2151/1311 1930/2158/1930
f 1930/2158/1930 1311/2151/1311 433/2153/433 1294/2160/1294
f 1313/2159/1313 1930/2158/1930 1294/2160/1294 434/2161/434
f 427/2067/427 1273/2066/1273 1931/2162/1931 1314/2163/1314
f 1273/2066/1273 426/2065/426 1312/2155/1312 1931/2162/1931
f 1931/2162/1931 1312/2155/1312 441/2157/441 1302/2164/1302
f 1314/2163/1314 1931/2162/1931 1302/2164/1302 442/2165/442
f 420/2071/420 1266/2070/1266 1932/2166/1932 1315/2167/1315
f 1266/2070/1266 419/2061/419 1313/2159/1313 1932/2166/1932
f 1932/2166/1932 1313/2159/1313 434/2161/434 1295/2168/1295
f 1315/2167/1315 1932/2166/1932 1295/2168/1295 435/2169/435
f 428/2076/428 1274/2075/1274 1933/2170/1933 1316/2171/1316
f 1274/2075/1274 427/2067/427 1314/2172/1314 1933/2170/1933
f 1933/2170/1933 1314/2172/1314 442/2173/442 1303/2174/1303
f 1316/2171/1316 1933/2170/1933 1303/2174/1303 443/2175/443
f 421/2080/421 1267/2079/1267 1934/2176/1934 1317/2177/1317
f 1267/2079/1267 420/2071/420 1315/2167/1315 1934/2176/1934
f 1934/2176/1934 1315/2167/1315 435/2169/435 1296/2178/1296
f 1317/2177/1317 1934/2176/1934 1296/2178/1296 436/2179/436
f 414/2086/414 1461/2180/1461 1935/2181/1935 1318/2182/1318
f 82/2183/82 1463/2184/1463 1935/2181/1935 1461/2185/1461
f 429/2186/429 1318/2187/1318 1935/2181/1935 1463/2184/1463
f 308/2188/308 1462/2189/1462 1936/2190/1936 1464/2191/1464
f 428/2076/428 1316/2192/1316 1936/2190/1936 1462/2193/1462
f 443/2175/443 1464/2191/1464 1936/2190/1936 1316/2194/1316
f 422/2095/422 1268/2094/1268 1937/2195/1937 1305/2128/1305
f 1268/2094/1268 421/2080/421 1317/2177/1317 1937/2195/1937
f 1937/2195/1937 1317/2177/1317 436/2179/436 1297/2196/1297
f 1305/2128/1305 1937/2195/1937 1297/2196/1297 437/2129/437
f 415/2099/415 1261/2098/1261 1938/2197/1938 1307/2198/1307
f 1261/2098/1261 414/2086/414 1318/2182/1318 1938/2197/1938
f 1938/2197/1938 1318/2182/1318 429/2186/429 1290/2199/1290
f 1307/2198/1307 1938/2197/1938 1290/2199/1290 430/2200/430
f 442/2165/442 1302/2164/1302 1939/2201/1939 1333/2202/1333
f 1302/2164/1302 441/2157/441 1334/2203/1334 1939/2201/1939
f 1939/2201/1939 1334/2203/1334 456/2204/456 1331/2205/1331
f 1333/2202/1333 1939/2201/1939 1331/2205/1331 457/2206/457
f 435/2169/435 1295/2168/1295 1940/2207/1940 1335/2208/1335
f 1295/2168/1295 434/2161/434 1336/2209/1336 1940/2207/1940
f 1940/2207/1940 1336/2209/1336 449/2210/449 1324/2211/1324
f 1335/2208/1335 1940/2207/1940 1324/2211/1324 450/2212/450
f 443/2175/443 1303/2174/1303 1941/2213/1941 1337/2214/1337
f 1303/2174/1303 442/2173/442 1333/2202/1333 1941/2213/1941
f 1941/2213/1941 1333/2202/1333 457/2215/457 1332/2216/1332
f 1337/2214/1337 1941/2213/1941 1332/2216/1332 458/2217/458
f 436/2179/436 1296/2178/1296 1942/2218/1942 1338/2219/1338
f 1296/2178/1296 435/2169/435 1335/2208/1335 1942/2218/1942
f 1942/2218/1942 1335/2208/1335 450/2212/450 1325/2220/1325
f 1338/2219/1338 1942/2218/1942 1325/2220/1325 451/2221/451
f 429/2186/429 1463/2222/1463 1943/2223/1943 1339/2224/1339
f 82/2225/82 1465/2226/1465 1943/2223/1943 1463/2222/1463
f 444/2227/444 1339/2228/1339 1943/2223/1943 1465/2229/1465
f 308/2230/308 1464/2231/1464 1944/2232/1944 1466/2233/1466
f 443/2175/443 1337/2234/1337 1944/2232/1944 1464/2231/1464
f 458/2217/458 1466/2235/1466 1944/2232/1944 1337/2236/1337
f 437/2129/437 1297/2196/1297 1945/2237/1945 1340/2238/1340
f 1297/2196/1297 436/2179/436 1338/2219/1338 1945/2237/1945
f 1945/2237/1945 1338/2219/1338 451/2221/451 1326/2239/1326
f 1340/2238/1340 1945/2237/1945 1326/2239/1326 452/2240/452
f 430/2200/430 1290/2199/1290 1946/2241/1946 1341/2242/1341
f 1290/2199/1290 429/2186/429 1339/2224/1339 1946/2241/1946
f 1946/2241/1946 1339/2224/1339 444/2227/444 1319/2243/1319
f 1341/2242/1341 1946/2241/1946 1319/2243/1319 445/2244/445
f 438/2131/438 1298/2130/1298 1947/2245/1947 1342/2246/1342
f 1298/2130/1298 437/2129/437 1340/2238/1340 1947/2245/1947
f 1947/2245/1947 1340/2238/1340 452/2240/452 1327/2247/1327
f 1342/2246/1342 1947/2245/1947 1327/2247/1327 453/2248/453
f 431/2137/431 1291/2136/1291 1948/2249/1948 1343/2250/1343
f 1291/2136/1291 430/2135/430 1341/2251/1341 1948/2249/1948
f 1948/2249/1948 1341/2251/1341 445/2244/445 1320/2252/1320
f 1343/2250/1343 1948/2249/1948 1320/2252/1320 446/2253/446
f 439/2141/439 1299/2140/1299 1949/2254/1949 1344/2255/1344
f 1299/2140/1299 438/2131/438 1342/2246/1342 1949/2254/1949
f 1949/2254/1949 1342/2246/1342 453/2248/453 1328/2256/1328
f 1344/2255/1344 1949/2254/1949 1328/2256/1328 454/2257/454
f 432/2145/432 1292/2144/1292 1950/2258/1950 1345/2259/1345
f 1292/2144/1292 431/2137/431 1343/2250/1343 1950/2258/1950
f 1950/2258/1950 1343/2250/1343 446/2253/446 1321/2260/1321
f 1345/2259/1345 1950/2258/1950 1321/2260/1321 447/2261/447
f 440/2149/440 1300/2148/1300 1951/2262/1951 1346/2263/1346
f 1300/2148/1300 439/2141/439 1344/2255/1344 1951/2262/1951
f 1951/2262/1951 1344/2255/1344 454/2257/454 1329/2264/1329
f 1346/2263/1346 1951/2262/1951 1329/2264/1329 455/2265/455
f 433/2153/433 1293/2152/1293 1952/2266/1952 1347/2267/1347
f 1293/2152/1293 432/2145/432 1345/2259/1345 1952/2266/1952
f 1952/2266/1952 1345/2259/1345 447/2261/447 1322/2268/1322
f 1347/2267/1347 1952/2266/1952 1322/2268/1322 448/2269/448
f 441/2157/441 1301/2156/1301 1953/2270/1953 1334/2203/1334
f 1301/2156/1301 440/2149/440 1346/2263/1346 1953/2270/1953
f 1953/2270/1953 1346/2263/1346 455/2265/455 1330/2271/1330
f 1334/2203/1334 1953/2270/1953 1330/2271/1330 456/2204/456
f 434/2161/434 1294/2160/1294 1954/2272/1954 1336/2209/1336
f 1294/2160/1294 433/2153/433 1347/2267/1347 1954/2272/1954
f 1954/2272/1954 1347/2267/1347 448/2269/448 1323/2273/1323
f 1336/2209/1336 1954/2272/1954 1323/2273/1323 449/2210/449
f 446/2253/446 1320/2252/1320 1955/2274/1955 1362/2275/1362
f 1320/2252/1320 445/2244/445 1363/2276/1363 1955/2274/1955
f 1955/2274/1955 1363/2276/1363 460/2277/460 1349/2278/1349
f 1362/2275/1362 1955/2274/1955 1349/2278/1349 461/2279/461
f 454/2257/454 1328/2256/1328 1956/2280/1956 1364/2281/1364
f 1328/2256/1328 453/2248/453 1365/2282/1365 1956/2280/1956
f 1956/2280/1956 1365/2282/1365 468/2283/468 1357/2284/1357
f 1364/2281/1364 1956/2280/1956 1357/2284/1357 469/2285/469
f 447/2261/447 1321/2260/1321 1957/2286/1957 1366/2287/1366
f 1321/2260/1321 446/2253/446 1362/2275/1362 1957/2286/1957
f 1957/2286/1957 1362/2275/1362 461/2279/461 1350/2288/1350
f 1366/2287/1366 1957/2286/1957 1350/2288/1350 462/2289/462
f 455/2265/455 1329/2264/1329 1958/2290/1958 1367/2291/1367
f 1329/2264/1329 454/2257/454 1364/2281/1364 1958/2290/1958
f 1958/2290/1958 1364/2281/1364 469/2285/469 1358/2292/1358
f 1367/2291/1367 1958/2290/1958 1358/2292/1358 470/2293/470
f 448/2269/448 1322/2268/1322 1959/2294/1959 1368/2295/1368
f 1322/2268/1322 447/2261/447 1366/2287/1366 1959/2294/1959
f 1959/2294/1959 1366/2287/1366 462/2289/462 1351/2296/1351
f 1368/2295/1368 1959/2294/1959 1351/2296/1351 463/2297/463
f 456/2204/456 1330/2271/1330 1960/2298/1960 1369/2299/1369
f 1330/2271/1330 455/2265/455 1367/2291/1367 1960/2298/1960
f 1960/2298/1960 1367/2291/1367 470/2293/470 1359/2300/1359
f 1369/2299/1369 1960/2298/1960 1359/2300/1359 471/2301/471
f 449/2210/449 1323/2273/1323 1961/2302/1961 1370/2303/1370
f 1323/2273/1323 448/2269/448 1368/2295/1368 1961/2302/1961
f 1961/2302/1961 1368/2295/1368 463/2297/463 1352/2304/1352
f 1370/2303/1370 1961/2302/1961 1352/2304/1352 464/2305/464
f 457/2206/457 1331/2205/1331 1962/2306/1962 1371/2307/1371
f 1331/2205/1331 456/2204/456 1369/2299/1369 1962/2306/1962
f 1962/2306/1962 1369/2299/1369 471/2301/471 1360/2308/1360
f 1371/2307/1371 1962/2306/1962 1360/2308/1360 472/2309/472
f 450/2212/450 1324/2211/1324 1963/2310/1963 1372/2311/1372
f 1324/2211/1324 449/2210/449 1370/2303/1370 1963/2310/1963
f 1963/2310/1963 1370/2303/1370 464/2305/464 1353/2312/1353
f 1372/2311/1372 1963/2310/1963 1353/2312/1353 465/2313/465
f 458/2217/458 1332/2216/1332 1964/2314/1964 1373/2315/1373
f 1332/2216/1332 457/2215/457 1371/2316/1371 1964/2314/1964
f 1964/2314/1964 1371/2316/1371 472/2317/472 1361/2318/1361
f 1373/2315/1373 1964/2314/1964 1361/2318/1361 473/2319/473
f 451/2221/451 1325/2220/1325 1965/2320/1965 1374/2321/1374
f 1325/2220/1325 450/2212/450 1372/2311/1372 1965/2320/1965
f 1965/2320/1965 1372/2311/1372 465/2313/465 1354/2322/1354
f 1374/2321/1374 1965/2320/1965 1354/2322/1354 466/2323/466
f 444/2227/444 1465/2324/1465 1966/2325/1966 1375/2326/1375
f 82/2327/82 1467/2328/1467 1966/2325/1966 1465/2324/1465
f 459/2329/459 1375/2330/1375 1966/2325/1966 1467/2328/1467
f 308/2331/308 1466/2332/1466 1967/2333/1967 1468/2334/1468
f 458/2217/458 1373/2335/1373 1967/2333/1967 1466/2336/1466
f 473/2319/473 1468/2337/1468 1967/2333/1967 1373/2338/1373
f 452/2240/452 1326/2239/1326 1968/2339/1968 1376/2340/1376
f 1326/2239/1326 451/2221/451 1374/2321/1374 1968/2339/1968
f 1968/2339/1968 1374/2321/1374 466/2323/466 1355/2341/1355
f 1376/2340/1376 1968/2339/1968 1355/2341/1355 467/2342/467
f 445/2244/445 1319/2243/1319 1969/2343/1969 1363/2344/1363
f 1319/2243/1319 444/2227/444 1375/2326/1375 1969/2343/1969
f 1969/2343/1969 1375/2326/1375 459/2329/459 1348/2345/1348
f 1363/2344/1363 1969/2343/1969 1348/2345/1348 460/2346/460
f 453/2248/453 1327/2247/1327 1970/2347/1970 1365/2282/1365
f 1327/2247/1327 452/2240/452 1376/2340/1376 1970/2347/1970
f 1970/2347/1970 1376/2340/1376 467/2342/467 1356/2348/1356
f 1365/2282/1365 1970/2347/1970 1356/2348/1356 468/2283/468
f 465/2313/465 1353/2312/1353 1971/2349/1971 1469/2350/1469
f 1353/2312/1353 464/2305/464 1381/2351/1381 1971/2349/1971
f 1971/2349/1971 1381/2351/1381 477/14/477 1395/11/1395
f 1469/2350/1469 1971/2349/1971 1395/11/1395 3/10/3
f 473/2319/473 1361/2318/1361 1972/2352/1972 1382/2353/1382
f 1361/2318/1361 472/2317/472 1383/2354/1383 1972/2352/1972
f 1972/2352/1972 1383/2354/1383 481/23/481 1380/20/1380
f 1382/2353/1382 1972/2352/1972 1380/20/1380 482/19/482
f 466/2323/466 1354/2322/1354 1973/2355/1973 1470/2356/1470
f 1354/2322/1354 465/2313/465 1469/2350/1469 1973/2355/1973
f 1973/2355/1973 1469/2350/1469 3/10/3 483/29/483
f 1470/2356/1470 1973/2355/1973 483/29/483 4/28/4
f 459/2329/459 1467/2357/1467 1974/2358/1974 1384/2359/1384
f 82/2360/82 1390/2361/1390 1974/2358/1974 1467/2362/1467
f 474/34/474 1384/2363/1384 1974/2358/1974 1390/2361/1390
f 308/2364/308 1468/2365/1468 1975/2366/1975 1399/2367/1399
f 473/2319/473 1382/2368/1382 1975/2366/1975 1468/2369/1468
f 482/19/482 1399/2370/1399 1975/2366/1975 1382/2371/1382
f 467/2342/467 1355/2341/1355 1976/2372/1976 1471/2373/1471
f 1355/2341/1355 466/2323/466 1470/2356/1470 1976/2372/1976
f 1976/2372/1976 1470/2356/1470 4/28/4 484/51/484
f 1471/2373/1471 1976/2372/1976 484/51/484 5/50/5
f 460/2346/460 1348/2345/1348 1977/2374/1977 1385/2375/1385
f 1348/2345/1348 459/2329/459 1384/2359/1384 1977/2374/1977
f 1977/2374/1977 1384/2359/1384 474/34/474 1377/57/1377
f 1385/2375/1385 1977/2374/1977 1377/57/1377 475/56/475
f 468/2283/468 1356/2348/1356 1978/2376/1978 1386/2377/1386
f 1356/2348/1356 467/2342/467 1471/2373/1471 1978/2376/1978
f 1978/2376/1978 1471/2373/1471 5/50/5 1396/63/1396
f 1386/2377/1386 1978/2376/1978 1396/63/1396 478/62/478
f 461/2279/461 1349/2278/1349 1979/2378/1979 1472/2379/1472
f 1349/2278/1349 460/2277/460 1385/2380/1385 1979/2378/1979
f 1979/2378/1979 1385/2380/1385 475/72/475 1391/69/1391
f 1472/2379/1472 1979/2378/1979 1391/69/1391 1/68/1
f 469/2285/469 1357/2284/1357 1980/2381/1980 1473/2382/1473
f 1357/2284/1357 468/2283/468 1386/2377/1386 1980/2381/1980
f 1980/2381/1980 1386/2377/1386 478/62/478 1397/77/1397
f 1473/2382/1473 1980/2381/1980 1397/77/1397 6/76/6
f 462/2289/462 1350/2288/1350 1981/2383/1981 1387/2384/1387
f 1350/2288/1350 461/2279/461 1472/2379/1472 1981/2383/1981
f 1981/2383/1981 1472/2379/1472 1/68/1 1392/83/1392
f 1387/2384/1387 1981/2383/1981 1392/83/1392 476/82/476
f 470/2293/470 1358/2292/1358 1982/2385/1982 1388/2386/1388
f 1358/2292/1358 469/2285/469 1473/2382/1473 1982/2385/1982
f 1982/2385/1982 1473/2382/1473 6/76/6 1398/89/1398
f 1388/2386/1388 1982/2385/1982 1398/89/1398 479/88/479
f 463/2297/463 1351/2296/1351 1983/2387/1983 1474/2388/1474
f 1351/2296/1351 462/2289/462 1387/2384/1387 1983/2387/1983
f 1983/2387/1983 1387/2384/1387 476/82/476 1393/95/1393
f 1474/2388/1474 1983/2387/1983 1393/95/1393 2/94/2
f 471/2301/471 1359/2300/1359 1984/2389/1984 1389/2390/1389
f 1359/2300/1359 470/2293/470 1388/2386/1388 1984/2389/1984
f 1984/2389/1984 1388/2386/1388 479/88/479 1378/100/1378
f 1389/2390/1389 1984/2389/1984 1378/100/1378 480/5/480
f 464/2305/464 1352/2304/1352 1985/2391/1985 1381/2351/1381
f 1352/2304/1352 463/2297/463 1474/2388/1474 1985/2391/1985
f 1985/2391/1985 1474/2388/1474 2/94/2 1394/103/1394
f 1381/2351/1381 1985/2391/1985 1394/103/1394 477/14/477
f 472/2309/472 1360/2308/1360 1986/2392/1986 1383/2393/1383
f 1360/2308/1360 471/2301/471 1389/2390/1389 1986/2392/1986
f 1986/2392/1986 1389/2390/1389 480/5/480 1379/2/1379
f 1383/2393/1383 1986/2392/1986 1379/2/1379 481/1/481
